{"stats":{"minecraft:killed":{"minecraft:zombie":1},"minecraft:mined":{"minecraft:birch_log":2,"minecraft:lily_pad":1,"minecraft:vine":1},"minecraft:custom":{"minecraft:jump":5,"minecraft:damage_dealt":198,"minecraft:walk_on_water_one_cm":2735,"minecraft:sprint_one_cm":265,"minecraft:leave_game":2,"minecraft:play_time":2072,"minecraft:damage_taken":200,"minecraft:time_since_death":2072,"minecraft:walk_one_cm":2472,"minecraft:sneak_time":6,"minecraft:total_world_time":2072,"minecraft:mob_kills":1,"minecraft:fly_one_cm":148,"minecraft:time_since_rest":2072},"minecraft:picked_up":{"minecraft:birch_log":2,"minecraft:lily_pad":1,"minecraft:rotten_flesh":2}},"DataVersion":3953}