{"stats":{"minecraft:mined":{"minecraft:powder_snow":39},"minecraft:custom":{"minecraft:jump":100,"minecraft:time_since_rest":4684,"minecraft:leave_game":1,"minecraft:walk_on_water_one_cm":280,"minecraft:sprint_one_cm":8688,"minecraft:play_time":4684,"minecraft:damage_taken":80,"minecraft:time_since_death":4684,"minecraft:walk_one_cm":4428,"minecraft:total_world_time":4684,"minecraft:walk_under_water_one_cm":189,"minecraft:swim_one_cm":1098,"minecraft:fall_one_cm":3516,"minecraft:fly_one_cm":18836}},"DataVersion":3465}