{"stats":{"minecraft:used":{"minecraft:stone_shovel":11,"minecraft:dried_kelp":17,"minecraft:chest":3,"minecraft:shield":27,"minecraft:iron_sword":163,"minecraft:cooked_chicken":1,"minecraft:iron_chestplate":1,"minecraft:torch":80,"minecraft:dirt":19,"minecraft:carrot":22,"minecraft:polished_diorite":1,"minecraft:wooden_axe":110,"minecraft:birch_sapling":4,"minecraft:iron_helmet":1,"minecraft:iron_boots":2,"minecraft:bow":11,"minecraft:furnace":6,"minecraft:egg":4,"minecraft:cooked_beef":8,"minecraft:iron_leggings":1,"minecraft:wheat_seeds":1,"minecraft:cooked_mutton":3,"minecraft:stone_pickaxe":738,"minecraft:polished_diorite_slab":90,"minecraft:wooden_pickaxe":12,"minecraft:brown_mushroom":2,"minecraft:sugar_cane":30,"minecraft:sand":5,"minecraft:crafting_table":2,"minecraft:white_bed":3,"minecraft:iron_pickaxe":303,"minecraft:stone_axe":12,"minecraft:cobblestone":86,"minecraft:cooked_porkchop":5,"minecraft:birch_log":1,"minecraft:bone_meal":18},"minecraft:picked_up":{"minecraft:wooden_axe":1,"minecraft:crafting_table":2,"minecraft:seagrass":3,"minecraft:birch_door":5,"minecraft:iron_chestplate":1,"minecraft:chicken":1,"minecraft:brown_mushroom":2,"minecraft:wooden_pickaxe":2,"minecraft:string":3,"minecraft:raw_copper":65,"minecraft:wooden_sword":9,"minecraft:iron_leggings":1,"minecraft:cobbled_deepslate":30,"minecraft:beef":34,"minecraft:rose_bush":6,"minecraft:iron_nugget":36,"minecraft:iron_pickaxe":1,"minecraft:light_gray_wool":2,"minecraft:chest":5,"minecraft:sugar_cane":38,"minecraft:birch_sapling":74,"minecraft:iron_boots":1,"minecraft:furnace":3,"minecraft:raw_iron":107,"minecraft:stick":18,"minecraft:torch":2,"minecraft:bowl":10,"minecraft:porkchop":27,"minecraft:diorite":162,"minecraft:carrot":22,"minecraft:arrow":17,"minecraft:rotten_flesh":18,"minecraft:shears":6,"minecraft:tuff_bricks":7,"minecraft:mutton":5,"minecraft:white_wool":18,"minecraft:cobblestone":646,"minecraft:birch_log":149,"minecraft:polished_diorite_slab":3,"minecraft:feather":4,"minecraft:birch_slab":5,"minecraft:andesite":110,"minecraft:leather":14,"minecraft:birch_planks":82,"minecraft:filled_map":1,"minecraft:tuff":7,"minecraft:oak_log":6,"minecraft:waxed_copper_block":6,"minecraft:gunpowder":4,"minecraft:lapis_lazuli":424,"minecraft:dirt":47,"minecraft:bone":12,"minecraft:stone_bricks":5,"minecraft:kelp":47,"minecraft:bow":3,"minecraft:wheat_seeds":3,"minecraft:raw_gold":2,"minecraft:stone_pickaxe":3,"minecraft:iron_ingot":3,"minecraft:cooked_chicken":2,"minecraft:iron_sword":1,"minecraft:gravel":21,"minecraft:sand":24,"minecraft:spider_eye":8,"minecraft:diamond":7,"minecraft:stone_axe":1,"minecraft:iron_helmet":1,"minecraft:granite":1,"minecraft:coal":107,"minecraft:chiseled_tuff_bricks":2},"minecraft:broken":{"minecraft:stone_pickaxe":5,"minecraft:wooden_axe":2},"minecraft:mined":{"minecraft:tuff":8,"minecraft:deepslate_diamond_ore":6,"minecraft:granite":2,"minecraft:chiseled_tuff_bricks":2,"minecraft:kelp":1,"minecraft:tuff_bricks":7,"minecraft:furnace":3,"minecraft:carrots":6,"minecraft:iron_ore":78,"minecraft:andesite":95,"minecraft:deepslate_iron_ore":32,"minecraft:stone":507,"minecraft:kelp_plant":21,"minecraft:crafting_table":2,"minecraft:torch":1,"minecraft:short_grass":5,"minecraft:chest":1,"minecraft:polished_diorite_slab":3,"minecraft:copper_ore":12,"minecraft:deepslate_coal_ore":11,"minecraft:deepslate_gold_ore":2,"minecraft:lapis_ore":7,"minecraft:sugar_cane":12,"minecraft:diorite":159,"minecraft:birch_log":108,"minecraft:wheat":1,"minecraft:birch_leaves":10,"minecraft:waxed_copper_block":3,"minecraft:coal_ore":71,"minecraft:oak_log":6,"minecraft:sand":5,"minecraft:dirt":20,"minecraft:oak_leaves":9,"minecraft:deepslate":25},"minecraft:dropped":{"minecraft:birch_planks":40,"minecraft:lapis_lazuli":408,"minecraft:diamond":7,"minecraft:cobblestone":1,"minecraft:coal":29,"minecraft:stick":1,"minecraft:seagrass":3,"minecraft:rose_bush":6,"minecraft:iron_leggings":1,"minecraft:wooden_sword":9,"minecraft:string":1,"minecraft:iron_nugget":36,"minecraft:cooked_chicken":1,"minecraft:bowl":10,"minecraft:rotten_flesh":5,"minecraft:iron_boots":1,"minecraft:shears":6,"minecraft:filled_map":1,"minecraft:shield":1,"minecraft:chest":5,"minecraft:birch_door":5,"minecraft:stone_bricks":5,"minecraft:spider_eye":2,"minecraft:arrow":2,"minecraft:stone_pickaxe":1},"minecraft:killed_by":{"minecraft:player":2},"minecraft:custom":{"minecraft:mob_kills":65,"minecraft:interact_with_crafting_table":39,"minecraft:time_since_death":42986,"minecraft:climb_one_cm":3274,"minecraft:sprint_one_cm":262881,"minecraft:walk_one_cm":398485,"minecraft:damage_blocked_by_shield":1942,"minecraft:drop":83,"minecraft:play_time":116902,"minecraft:deaths":2,"minecraft:sneak_time":21392,"minecraft:walk_under_water_one_cm":5829,"minecraft:jump":1664,"minecraft:walk_on_water_one_cm":27158,"minecraft:total_world_time":116902,"minecraft:interact_with_furnace":70,"minecraft:sleep_in_bed":2,"minecraft:time_since_rest":43054,"minecraft:damage_taken":1756,"minecraft:damage_dealt":9435,"minecraft:swim_one_cm":15496,"minecraft:fly_one_cm":187702,"minecraft:open_chest":58,"minecraft:crouch_one_cm":63741,"minecraft:fall_one_cm":25522},"minecraft:killed":{"minecraft:bogged":1,"minecraft:spider":6,"minecraft:skeleton":9,"minecraft:chicken":1,"minecraft:pig":8,"minecraft:zombie_villager":1,"minecraft:frog":1,"minecraft:creeper":3,"minecraft:sheep":5,"minecraft:zombie":18,"minecraft:cow":11},"minecraft:crafted":{"minecraft:stone_shovel":1,"minecraft:furnace":3,"minecraft:bone_meal":18,"minecraft:cooked_mutton":3,"minecraft:iron_boots":2,"minecraft:polished_diorite":124,"minecraft:stone_pickaxe":7,"minecraft:chest":3,"minecraft:polished_diorite_slab":90,"minecraft:cooked_beef":10,"minecraft:cooked_porkchop":5,"minecraft:crafting_table":1,"minecraft:dried_kelp":6,"minecraft:iron_helmet":1,"minecraft:wooden_pickaxe":1,"minecraft:iron_sword":1,"minecraft:copper_ingot":27,"minecraft:birch_planks":36,"minecraft:stone_axe":1,"minecraft:air":0,"minecraft:iron_chestplate":1,"minecraft:charcoal":3,"minecraft:shield":3,"minecraft:stick":36,"minecraft:iron_ingot":17,"minecraft:iron_pickaxe":2,"minecraft:wooden_axe":2,"minecraft:iron_leggings":2,"minecraft:white_bed":3,"minecraft:torch":80,"minecraft:shears":1}},"DataVersion":3953}