{"stats":{"minecraft:used":{"minecraft:wooden_axe":25,"minecraft:chest":1},"minecraft:picked_up":{"minecraft:birch_log":29,"minecraft:stick":4,"minecraft:birch_sapling":2,"minecraft:spider_eye":1},"minecraft:mined":{"minecraft:short_grass":3,"minecraft:birch_log":28,"minecraft:birch_leaves":3},"minecraft:custom":{"minecraft:open_chest":1,"minecraft:time_since_rest":2902,"minecraft:crouch_one_cm":737,"minecraft:play_time":2902,"minecraft:sprint_one_cm":4616,"minecraft:walk_one_cm":7928,"minecraft:sneak_time":357,"minecraft:mob_kills":1,"minecraft:jump":13,"minecraft:damage_dealt":45,"minecraft:time_since_death":2902,"minecraft:total_world_time":2902,"minecraft:fall_one_cm":209,"minecraft:interact_with_crafting_table":2,"minecraft:fly_one_cm":1135},"minecraft:killed":{"minecraft:spider":1},"minecraft:crafted":{"minecraft:chest":1,"minecraft:birch_planks":24,"minecraft:stick":4,"minecraft:wooden_axe":1}},"DataVersion":3953}