{"stats":{"minecraft:used":{"minecraft:cooked_mutton":3,"minecraft:stone_pickaxe":544,"minecraft:dried_kelp":14,"minecraft:shield":12,"minecraft:chest":3,"minecraft:wooden_pickaxe":12,"minecraft:iron_sword":30,"minecraft:cooked_chicken":1,"minecraft:iron_chestplate":1,"minecraft:torch":17,"minecraft:white_bed":3,"minecraft:wooden_axe":110,"minecraft:birch_sapling":4,"minecraft:iron_pickaxe":247,"minecraft:iron_boots":1,"minecraft:stone_axe":9,"minecraft:cobblestone":66,"minecraft:bow":5,"minecraft:furnace":2,"minecraft:birch_log":1,"minecraft:cooked_beef":4,"minecraft:iron_leggings":1},"minecraft:picked_up":{"minecraft:birch_log":110,"minecraft:andesite":46,"minecraft:leather":1,"minecraft:birch_planks":2,"minecraft:tuff":7,"minecraft:oak_log":6,"minecraft:waxed_copper_block":3,"minecraft:dirt":11,"minecraft:lapis_lazuli":54,"minecraft:string":1,"minecraft:raw_copper":27,"minecraft:bone":4,"minecraft:kelp":47,"minecraft:wheat_seeds":2,"minecraft:cobbled_deepslate":18,"minecraft:beef":5,"minecraft:stone_pickaxe":1,"minecraft:cooked_chicken":2,"minecraft:light_gray_wool":2,"minecraft:sugar_cane":32,"minecraft:birch_sapling":18,"minecraft:stick":17,"minecraft:raw_iron":44,"minecraft:torch":1,"minecraft:diorite":95,"minecraft:carrot":1,"minecraft:spider_eye":3,"minecraft:arrow":9,"minecraft:rotten_flesh":7,"minecraft:granite":1,"minecraft:tuff_bricks":7,"minecraft:chiseled_tuff_bricks":2,"minecraft:mutton":2,"minecraft:coal":49,"minecraft:white_wool":10,"minecraft:cobblestone":507},"minecraft:mined":{"minecraft:tuff":8,"minecraft:kelp_plant":21,"minecraft:granite":2,"minecraft:short_grass":5,"minecraft:copper_ore":8,"minecraft:chiseled_tuff_bricks":2,"minecraft:lapis_ore":7,"minecraft:kelp":1,"minecraft:sugar_cane":7,"minecraft:diorite":117,"minecraft:tuff_bricks":7,"minecraft:birch_log":108,"minecraft:iron_ore":44,"minecraft:waxed_copper_block":3,"minecraft:birch_leaves":10,"minecraft:andesite":47,"minecraft:oak_log":6,"minecraft:coal_ore":45,"minecraft:dirt":9,"minecraft:stone":480,"minecraft:deepslate":13,"minecraft:oak_leaves":9},"minecraft:broken":{"minecraft:stone_pickaxe":4,"minecraft:wooden_axe":2},"minecraft:dropped":{"minecraft:cooked_chicken":1,"minecraft:rotten_flesh":1,"minecraft:cobblestone":1,"minecraft:iron_boots":1,"minecraft:coal":20,"minecraft:stick":1,"minecraft:shield":1,"minecraft:iron_leggings":1,"minecraft:arrow":2},"minecraft:killed_by":{"minecraft:player":1},"minecraft:custom":{"minecraft:interact_with_furnace":44,"minecraft:mob_kills":22,"minecraft:interact_with_crafting_table":24,"minecraft:time_since_death":54743,"minecraft:sleep_in_bed":2,"minecraft:climb_one_cm":1374,"minecraft:time_since_rest":31709,"minecraft:sprint_one_cm":152791,"minecraft:damage_taken":1057,"minecraft:walk_one_cm":212764,"minecraft:damage_blocked_by_shield":570,"minecraft:drop":9,"minecraft:damage_dealt":2839,"minecraft:swim_one_cm":14363,"minecraft:fly_one_cm":86914,"minecraft:open_chest":22,"minecraft:crouch_one_cm":37067,"minecraft:play_time":68902,"minecraft:deaths":1,"minecraft:sneak_time":13365,"minecraft:walk_under_water_one_cm":4994,"minecraft:jump":899,"minecraft:walk_on_water_one_cm":12674,"minecraft:total_world_time":68902,"minecraft:fall_one_cm":11204},"minecraft:killed":{"minecraft:bogged":1,"minecraft:spider":3,"minecraft:frog":1,"minecraft:skeleton":3,"minecraft:sheep":2,"minecraft:zombie":10,"minecraft:cow":2},"minecraft:crafted":{"minecraft:cooked_beef":5,"minecraft:dried_kelp":1,"minecraft:wooden_pickaxe":1,"minecraft:iron_helmet":1,"minecraft:iron_sword":1,"minecraft:furnace":2,"minecraft:birch_planks":24,"minecraft:stone_axe":1,"minecraft:cooked_mutton":3,"minecraft:air":0,"minecraft:iron_chestplate":1,"minecraft:iron_boots":2,"minecraft:charcoal":3,"minecraft:shield":2,"minecraft:stick":4,"minecraft:iron_ingot":17,"minecraft:iron_pickaxe":1,"minecraft:stone_pickaxe":5,"minecraft:wooden_axe":2,"minecraft:chest":3,"minecraft:iron_leggings":2,"minecraft:white_bed":3,"minecraft:torch":16,"minecraft:shears":1}},"DataVersion":3953}