{"stats":{"minecraft:broken":{"minecraft:wooden_shovel":1,"minecraft:stone_hoe":4,"minecraft:stone_pickaxe":9,"minecraft:iron_pickaxe":2,"minecraft:wooden_axe":2,"minecraft:wooden_hoe":3,"minecraft:iron_hoe":1},"minecraft:mined":{"minecraft:tuff":14,"minecraft:white_bed":2,"minecraft:deepslate_diamond_ore":13,"minecraft:cherry_log":12,"minecraft:dark_oak_log":4,"minecraft:glow_lichen":1,"minecraft:granite":22,"minecraft:grass_block":18,"minecraft:birch_slab":3,"minecraft:polished_diorite":2,"minecraft:chiseled_tuff_bricks":2,"minecraft:kelp":1,"minecraft:tuff_bricks":7,"minecraft:furnace":5,"minecraft:carrots":687,"minecraft:iron_ore":92,"minecraft:fire":19,"minecraft:andesite":142,"minecraft:pumpkin":1,"minecraft:deepslate_lapis_ore":5,"minecraft:potatoes":233,"minecraft:deepslate_iron_ore":56,"minecraft:vine":5,"minecraft:stone":767,"minecraft:kelp_plant":21,"minecraft:crafting_table":2,"minecraft:torch":10,"minecraft:short_grass":5,"minecraft:chest":1,"minecraft:polished_diorite_slab":5,"minecraft:copper_ore":27,"minecraft:cobblestone":27,"minecraft:deepslate_coal_ore":11,"minecraft:deepslate_gold_ore":2,"minecraft:lapis_ore":9,"minecraft:lily_pad":5,"minecraft:oak_planks":4,"minecraft:sugar_cane":115,"minecraft:diorite":260,"minecraft:wall_torch":1,"minecraft:polished_diorite_stairs":4,"minecraft:birch_planks":20,"minecraft:cobblestone_wall":11,"minecraft:birch_log":108,"minecraft:wheat":329,"minecraft:birch_leaves":10,"minecraft:waxed_copper_block":3,"minecraft:birch_door":4,"minecraft:tnt":2,"minecraft:coal_ore":110,"minecraft:oak_log":10,"minecraft:cherry_leaves":3,"minecraft:gravel":21,"minecraft:sand":27,"minecraft:dirt":148,"minecraft:cracked_stone_bricks":1,"minecraft:stone_bricks":3,"minecraft:mossy_stone_bricks":1,"minecraft:deepslate":101,"minecraft:oak_leaves":15},"minecraft:killed_by":{"minecraft:player":2},"minecraft:used":{"minecraft:flint_and_steel":11,"minecraft:stone_shovel":71,"minecraft:dried_kelp":17,"minecraft:chest":6,"minecraft:shield":38,"minecraft:iron_sword":359,"minecraft:wooden_shovel":41,"minecraft:cooked_chicken":1,"minecraft:rotten_flesh":3,"minecraft:stone_hoe":1255,"minecraft:iron_chestplate":2,"minecraft:torch":147,"minecraft:dirt":170,"minecraft:cobblestone_wall":6,"minecraft:carrot":1108,"minecraft:polished_diorite":102,"minecraft:birch_door":11,"minecraft:iron_hoe":9,"minecraft:wooden_axe":110,"minecraft:birch_sapling":4,"minecraft:iron_boots":3,"minecraft:iron_helmet":2,"minecraft:stone_bricks":136,"minecraft:bow":17,"minecraft:furnace":8,"minecraft:polished_diorite_stairs":28,"minecraft:egg":4,"minecraft:potato":659,"minecraft:cooked_beef":11,"minecraft:cobbled_deepslate":60,"minecraft:iron_leggings":2,"minecraft:wheat_seeds":595,"minecraft:cooked_mutton":8,"minecraft:water_bucket":28,"minecraft:diorite":3,"minecraft:stone_pickaxe":1169,"minecraft:oak_planks":2,"minecraft:polished_diorite_slab":98,"minecraft:wooden_pickaxe":14,"minecraft:birch_boat":1,"minecraft:brown_mushroom":2,"minecraft:sugar_cane":151,"minecraft:sand":5,"minecraft:tnt":1,"minecraft:crafting_table":3,"minecraft:white_bed":5,"minecraft:wooden_hoe":179,"minecraft:iron_pickaxe":543,"minecraft:birch_slab":15,"minecraft:suspicious_stew":1,"minecraft:stone_axe":68,"minecraft:cobbled_deepslate_slab":4,"minecraft:cobblestone":211,"minecraft:andesite":4,"minecraft:cooked_porkchop":9,"minecraft:bucket":29,"minecraft:birch_log":1,"minecraft:bone_meal":77},"minecraft:custom":{"minecraft:interact_with_anvil":1,"minecraft:mob_kills":94,"minecraft:animals_bred":4,"minecraft:interact_with_crafting_table":72,"minecraft:leave_game":1,"minecraft:time_since_death":257492,"minecraft:climb_one_cm":6094,"minecraft:sprint_one_cm":710311,"minecraft:walk_one_cm":1567953,"minecraft:damage_blocked_by_shield":2806,"minecraft:drop":115,"minecraft:play_time":331408,"minecraft:sneak_time":47837,"minecraft:deaths":2,"minecraft:walk_under_water_one_cm":14885,"minecraft:boat_one_cm":87,"minecraft:jump":3285,"minecraft:walk_on_water_one_cm":52518,"minecraft:enchant_item":10,"minecraft:total_world_time":331408,"minecraft:interact_with_furnace":116,"minecraft:sleep_in_bed":7,"minecraft:time_since_rest":34320,"minecraft:damage_taken":2942,"minecraft:damage_dealt":20057,"minecraft:player_kills":23,"minecraft:swim_one_cm":33850,"minecraft:fly_one_cm":418886,"minecraft:open_chest":232,"minecraft:crouch_one_cm":137754,"minecraft:fall_one_cm":46054},"minecraft:crafted":{"minecraft:cobbled_deepslate_slab":6,"minecraft:oak_planks":16,"minecraft:stone_shovel":1,"minecraft:birch_slab":12,"minecraft:furnace":3,"minecraft:stone":234,"minecraft:bone_meal":78,"minecraft:cooked_mutton":3,"minecraft:iron_boots":3,"minecraft:polished_diorite":184,"minecraft:stone_pickaxe":9,"minecraft:chest":6,"minecraft:birch_door":6,"minecraft:dark_oak_planks":16,"minecraft:stone_hoe":5,"minecraft:stone_bricks":152,"minecraft:polished_diorite_slab":96,"minecraft:cooked_beef":10,"minecraft:cooked_porkchop":5,"minecraft:crafting_table":1,"minecraft:dried_kelp":6,"minecraft:wooden_pickaxe":1,"minecraft:iron_helmet":2,"minecraft:iron_sword":4,"minecraft:copper_ingot":27,"minecraft:birch_planks":52,"minecraft:stone_axe":1,"minecraft:air":0,"minecraft:iron_chestplate":2,"minecraft:wooden_hoe":3,"minecraft:charcoal":28,"minecraft:shield":3,"minecraft:stick":68,"minecraft:iron_ingot":17,"minecraft:iron_pickaxe":4,"minecraft:wooden_axe":2,"minecraft:iron_leggings":3,"minecraft:white_bed":3,"minecraft:torch":144,"minecraft:polished_diorite_stairs":24,"minecraft:shears":1},"minecraft:dropped":{"minecraft:iron_sword":1,"minecraft:birch_planks":40,"minecraft:lapis_lazuli":408,"minecraft:cooked_beef":3,"minecraft:cherry_log":1,"minecraft:tnt":1,"minecraft:diamond":9,"minecraft:cooked_porkchop":9,"minecraft:cobblestone":1,"minecraft:coal":33,"minecraft:stick":1,"minecraft:dirt":3,"minecraft:dark_oak_log":1,"minecraft:rose_bush":6,"minecraft:seagrass":3,"minecraft:iron_leggings":1,"minecraft:wooden_sword":9,"minecraft:string":1,"minecraft:dark_oak_planks":3,"minecraft:lily_pad":6,"minecraft:stone_axe":1,"minecraft:iron_nugget":36,"minecraft:cooked_chicken":1,"minecraft:stone_sword":1,"minecraft:bowl":11,"minecraft:rotten_flesh":7,"minecraft:iron_boots":1,"minecraft:iron_hoe":1,"minecraft:shears":6,"minecraft:filled_map":1,"minecraft:shield":1,"minecraft:andesite":1,"minecraft:mossy_stone_bricks":1,"minecraft:birch_door":8,"minecraft:chest":5,"minecraft:spider_eye":2,"minecraft:stone_bricks":5,"minecraft:arrow":2,"minecraft:stone_pickaxe":1},"minecraft:picked_up":{"minecraft:wooden_axe":1,"minecraft:iron_chestplate":1,"minecraft:seagrass":3,"minecraft:birch_door":14,"minecraft:crafting_table":2,"minecraft:wheat":307,"minecraft:chicken":1,"minecraft:ladder":3,"minecraft:suspicious_stew":1,"minecraft:brown_mushroom":2,"minecraft:wooden_pickaxe":2,"minecraft:string":3,"minecraft:raw_copper":124,"minecraft:wooden_sword":9,"minecraft:flint_and_steel":1,"minecraft:iron_leggings":1,"minecraft:cracked_stone_bricks":1,"minecraft:cobbled_deepslate":112,"minecraft:bucket":1,"minecraft:beef":42,"minecraft:rose_bush":6,"minecraft:iron_nugget":36,"minecraft:iron_pickaxe":1,"minecraft:light_gray_wool":2,"minecraft:sugar_cane":238,"minecraft:chest":5,"minecraft:birch_sapling":74,"minecraft:phantom_membrane":1,"minecraft:iron_boots":1,"minecraft:furnace":5,"minecraft:raw_iron":147,"minecraft:stick":28,"minecraft:torch":20,"minecraft:bowl":10,"minecraft:porkchop":27,"minecraft:cherry_log":2,"minecraft:diorite":262,"minecraft:carrot":2393,"minecraft:redstone":3,"minecraft:dark_oak_planks":3,"minecraft:tnt":2,"minecraft:stone_sword":1,"minecraft:arrow":22,"minecraft:rotten_flesh":37,"minecraft:shears":6,"minecraft:tuff_bricks":7,"minecraft:mutton":5,"minecraft:white_wool":18,"minecraft:cobblestone":926,"minecraft:birch_log":149,"minecraft:polished_diorite_slab":4,"minecraft:feather":4,"minecraft:birch_slab":77,"minecraft:andesite":155,"minecraft:leather":22,"minecraft:flint":2,"minecraft:potato":858,"minecraft:birch_planks":114,"minecraft:filled_map":1,"minecraft:tuff":13,"minecraft:oak_log":9,"minecraft:waxed_copper_block":6,"minecraft:lily_pad":8,"minecraft:cobblestone_wall":10,"minecraft:gunpowder":5,"minecraft:lapis_lazuli":470,"minecraft:dirt":236,"minecraft:cooked_mutton":5,"minecraft:bone":20,"minecraft:stone_bricks":8,"minecraft:kelp":47,"minecraft:bow":3,"minecraft:wheat_seeds":829,"minecraft:raw_gold":2,"minecraft:iron_ingot":3,"minecraft:stone_pickaxe":3,"minecraft:cooked_chicken":2,"minecraft:mossy_stone_bricks":1,"minecraft:iron_sword":3,"minecraft:oak_planks":12,"minecraft:birch_boat":1,"minecraft:pumpkin":1,"minecraft:poisonous_potato":2,"minecraft:gravel":40,"minecraft:sand":66,"minecraft:white_bed":2,"minecraft:dark_oak_log":2,"minecraft:spider_eye":8,"minecraft:polished_diorite_stairs":4,"minecraft:iron_hoe":1,"minecraft:polished_diorite":2,"minecraft:diamond":13,"minecraft:stone_axe":3,"minecraft:iron_helmet":1,"minecraft:granite":21,"minecraft:cherry_sapling":6,"minecraft:oak_sapling":5,"minecraft:oak_leaves":11,"minecraft:coal":146,"minecraft:chiseled_tuff_bricks":2,"minecraft:ender_pearl":1},"minecraft:killed":{"minecraft:bogged":3,"minecraft:spider":7,"minecraft:phantom":2,"minecraft:skeleton":15,"minecraft:chicken":1,"minecraft:pig":8,"minecraft:zombie_villager":2,"minecraft:frog":1,"minecraft:creeper":3,"minecraft:sheep":5,"minecraft:zombie":30,"minecraft:enderman":1,"minecraft:cow":15}},"DataVersion":3953}