{"stats":{"minecraft:used":{"minecraft:wheat_seeds":1,"minecraft:cooked_mutton":3,"minecraft:stone_pickaxe":544,"minecraft:dried_kelp":17,"minecraft:shield":12,"minecraft:chest":3,"minecraft:wooden_pickaxe":12,"minecraft:iron_sword":71,"minecraft:brown_mushroom":2,"minecraft:sugar_cane":30,"minecraft:cooked_chicken":1,"minecraft:iron_chestplate":1,"minecraft:torch":17,"minecraft:dirt":7,"minecraft:sand":5,"minecraft:carrot":22,"minecraft:white_bed":3,"minecraft:wooden_axe":110,"minecraft:birch_sapling":4,"minecraft:iron_pickaxe":247,"minecraft:iron_helmet":1,"minecraft:iron_boots":2,"minecraft:stone_axe":9,"minecraft:cobblestone":66,"minecraft:bow":5,"minecraft:furnace":2,"minecraft:birch_log":1,"minecraft:egg":4,"minecraft:cooked_beef":4,"minecraft:bone_meal":18,"minecraft:iron_leggings":1},"minecraft:picked_up":{"minecraft:birch_log":113,"minecraft:iron_chestplate":1,"minecraft:feather":2,"minecraft:chicken":1,"minecraft:birch_slab":5,"minecraft:andesite":54,"minecraft:leather":11,"minecraft:brown_mushroom":2,"minecraft:filled_map":1,"minecraft:birch_planks":42,"minecraft:tuff":7,"minecraft:oak_log":6,"minecraft:waxed_copper_block":6,"minecraft:wooden_sword":4,"minecraft:dirt":22,"minecraft:lapis_lazuli":54,"minecraft:string":1,"minecraft:raw_copper":54,"minecraft:iron_leggings":1,"minecraft:bone":6,"minecraft:kelp":47,"minecraft:bow":1,"minecraft:wheat_seeds":3,"minecraft:cobbled_deepslate":18,"minecraft:beef":22,"minecraft:stone_pickaxe":2,"minecraft:cooked_chicken":2,"minecraft:iron_pickaxe":1,"minecraft:light_gray_wool":2,"minecraft:sugar_cane":38,"minecraft:birch_sapling":18,"minecraft:iron_sword":1,"minecraft:iron_boots":1,"minecraft:stick":17,"minecraft:raw_iron":44,"minecraft:porkchop":16,"minecraft:torch":1,"minecraft:gravel":12,"minecraft:sand":5,"minecraft:diorite":117,"minecraft:carrot":22,"minecraft:spider_eye":5,"minecraft:arrow":9,"minecraft:rotten_flesh":11,"minecraft:stone_axe":1,"minecraft:shears":1,"minecraft:iron_helmet":1,"minecraft:granite":1,"minecraft:tuff_bricks":7,"minecraft:chiseled_tuff_bricks":2,"minecraft:mutton":5,"minecraft:coal":58,"minecraft:white_wool":14,"minecraft:cobblestone":555},"minecraft:mined":{"minecraft:tuff":8,"minecraft:kelp_plant":21,"minecraft:granite":2,"minecraft:short_grass":5,"minecraft:copper_ore":8,"minecraft:chiseled_tuff_bricks":2,"minecraft:lapis_ore":7,"minecraft:kelp":1,"minecraft:sugar_cane":12,"minecraft:diorite":117,"minecraft:tuff_bricks":7,"minecraft:carrots":6,"minecraft:wheat":1,"minecraft:birch_log":108,"minecraft:iron_ore":44,"minecraft:waxed_copper_block":3,"minecraft:birch_leaves":10,"minecraft:andesite":47,"minecraft:oak_log":6,"minecraft:coal_ore":45,"minecraft:sand":5,"minecraft:dirt":9,"minecraft:stone":480,"minecraft:deepslate":13,"minecraft:oak_leaves":9},"minecraft:broken":{"minecraft:stone_pickaxe":4,"minecraft:wooden_axe":2},"minecraft:dropped":{"minecraft:cooked_chicken":1,"minecraft:rotten_flesh":5,"minecraft:cobblestone":1,"minecraft:iron_boots":1,"minecraft:coal":20,"minecraft:stick":1,"minecraft:filled_map":1,"minecraft:shield":1,"minecraft:spider_eye":2,"minecraft:iron_leggings":1,"minecraft:wooden_sword":4,"minecraft:arrow":2,"minecraft:string":1},"minecraft:killed_by":{"minecraft:player":2},"minecraft:custom":{"minecraft:interact_with_furnace":49,"minecraft:mob_kills":43,"minecraft:interact_with_crafting_table":25,"minecraft:time_since_death":6986,"minecraft:sleep_in_bed":2,"minecraft:climb_one_cm":3274,"minecraft:time_since_rest":7054,"minecraft:sprint_one_cm":189225,"minecraft:damage_taken":1102,"minecraft:walk_one_cm":269265,"minecraft:damage_blocked_by_shield":570,"minecraft:drop":18,"minecraft:damage_dealt":4819,"minecraft:swim_one_cm":15005,"minecraft:fly_one_cm":136728,"minecraft:open_chest":26,"minecraft:crouch_one_cm":39730,"minecraft:play_time":80902,"minecraft:deaths":2,"minecraft:sneak_time":13893,"minecraft:walk_under_water_one_cm":5539,"minecraft:jump":1200,"minecraft:walk_on_water_one_cm":23401,"minecraft:total_world_time":80902,"minecraft:fall_one_cm":15304},"minecraft:killed":{"minecraft:pig":8,"minecraft:bogged":1,"minecraft:spider":3,"minecraft:frog":1,"minecraft:skeleton":3,"minecraft:sheep":5,"minecraft:zombie":10,"minecraft:chicken":1,"minecraft:cow":11},"minecraft:crafted":{"minecraft:cooked_beef":5,"minecraft:dried_kelp":6,"minecraft:wooden_pickaxe":1,"minecraft:iron_helmet":1,"minecraft:iron_sword":1,"minecraft:furnace":2,"minecraft:bone_meal":18,"minecraft:birch_planks":24,"minecraft:stone_axe":1,"minecraft:cooked_mutton":3,"minecraft:air":0,"minecraft:iron_chestplate":1,"minecraft:iron_boots":2,"minecraft:charcoal":3,"minecraft:shield":2,"minecraft:stick":4,"minecraft:iron_ingot":17,"minecraft:iron_pickaxe":1,"minecraft:stone_pickaxe":5,"minecraft:wooden_axe":2,"minecraft:chest":3,"minecraft:iron_leggings":2,"minecraft:white_bed":3,"minecraft:torch":16,"minecraft:shears":1}},"DataVersion":3953}