{"stats":{"minecraft:used":{"minecraft:stone_shovel":42,"minecraft:dried_kelp":17,"minecraft:chest":6,"minecraft:shield":38,"minecraft:iron_sword":347,"minecraft:wooden_shovel":41,"minecraft:stone_hoe":553,"minecraft:cooked_chicken":1,"minecraft:rotten_flesh":3,"minecraft:iron_chestplate":2,"minecraft:torch":130,"minecraft:dirt":162,"minecraft:carrot":725,"minecraft:polished_diorite":102,"minecraft:birch_door":10,"minecraft:iron_hoe":9,"minecraft:wooden_axe":110,"minecraft:birch_sapling":4,"minecraft:iron_helmet":2,"minecraft:iron_boots":3,"minecraft:stone_bricks":136,"minecraft:bow":17,"minecraft:furnace":8,"minecraft:polished_diorite_stairs":28,"minecraft:egg":4,"minecraft:potato":312,"minecraft:cooked_beef":11,"minecraft:cobbled_deepslate":60,"minecraft:iron_leggings":2,"minecraft:wheat_seeds":247,"minecraft:cooked_mutton":8,"minecraft:water_bucket":20,"minecraft:diorite":3,"minecraft:stone_pickaxe":908,"minecraft:polished_diorite_slab":98,"minecraft:wooden_pickaxe":14,"minecraft:brown_mushroom":2,"minecraft:sugar_cane":82,"minecraft:sand":5,"minecraft:tnt":1,"minecraft:crafting_table":3,"minecraft:white_bed":5,"minecraft:wooden_hoe":179,"minecraft:birch_slab":15,"minecraft:suspicious_stew":1,"minecraft:iron_pickaxe":524,"minecraft:stone_axe":61,"minecraft:cobblestone":201,"minecraft:cobbled_deepslate_slab":4,"minecraft:cooked_porkchop":9,"minecraft:andesite":4,"minecraft:bucket":20,"minecraft:birch_log":1,"minecraft:bone_meal":77},"minecraft:picked_up":{"minecraft:wooden_axe":1,"minecraft:crafting_table":2,"minecraft:seagrass":3,"minecraft:birch_door":13,"minecraft:iron_chestplate":1,"minecraft:wheat":132,"minecraft:chicken":1,"minecraft:suspicious_stew":1,"minecraft:brown_mushroom":2,"minecraft:wooden_pickaxe":2,"minecraft:flint_and_steel":1,"minecraft:string":3,"minecraft:raw_copper":73,"minecraft:wooden_sword":9,"minecraft:iron_leggings":1,"minecraft:cobbled_deepslate":112,"minecraft:bucket":1,"minecraft:beef":39,"minecraft:rose_bush":6,"minecraft:iron_nugget":36,"minecraft:iron_pickaxe":1,"minecraft:light_gray_wool":2,"minecraft:chest":5,"minecraft:sugar_cane":90,"minecraft:birch_sapling":74,"minecraft:phantom_membrane":1,"minecraft:iron_boots":1,"minecraft:furnace":5,"minecraft:raw_iron":133,"minecraft:stick":22,"minecraft:torch":17,"minecraft:bowl":10,"minecraft:porkchop":27,"minecraft:cherry_log":2,"minecraft:diorite":220,"minecraft:carrot":1000,"minecraft:redstone":3,"minecraft:dark_oak_planks":3,"minecraft:tnt":2,"minecraft:arrow":20,"minecraft:rotten_flesh":35,"minecraft:shears":6,"minecraft:tuff_bricks":7,"minecraft:mutton":5,"minecraft:white_wool":18,"minecraft:cobblestone":780,"minecraft:birch_log":149,"minecraft:polished_diorite_slab":4,"minecraft:feather":4,"minecraft:birch_slab":14,"minecraft:andesite":154,"minecraft:leather":20,"minecraft:potato":312,"minecraft:birch_planks":114,"minecraft:filled_map":1,"minecraft:lily_pad":7,"minecraft:tuff":13,"minecraft:oak_log":9,"minecraft:waxed_copper_block":6,"minecraft:cobblestone_wall":10,"minecraft:gunpowder":4,"minecraft:lapis_lazuli":470,"minecraft:dirt":218,"minecraft:cooked_mutton":5,"minecraft:bone":18,"minecraft:stone_bricks":8,"minecraft:kelp":47,"minecraft:bow":3,"minecraft:wheat_seeds":334,"minecraft:raw_gold":2,"minecraft:stone_pickaxe":3,"minecraft:iron_ingot":3,"minecraft:cooked_chicken":2,"minecraft:oak_planks":7,"minecraft:iron_sword":2,"minecraft:pumpkin":1,"minecraft:poisonous_potato":1,"minecraft:gravel":24,"minecraft:sand":66,"minecraft:white_bed":2,"minecraft:dark_oak_log":2,"minecraft:spider_eye":8,"minecraft:iron_hoe":1,"minecraft:polished_diorite_stairs":4,"minecraft:polished_diorite":2,"minecraft:diamond":13,"minecraft:stone_axe":3,"minecraft:iron_helmet":1,"minecraft:granite":1,"minecraft:cherry_sapling":2,"minecraft:oak_sapling":5,"minecraft:oak_leaves":11,"minecraft:coal":107,"minecraft:chiseled_tuff_bricks":2,"minecraft:ender_pearl":1},"minecraft:broken":{"minecraft:wooden_shovel":1,"minecraft:stone_hoe":4,"minecraft:stone_pickaxe":7,"minecraft:iron_pickaxe":2,"minecraft:wooden_axe":2,"minecraft:wooden_hoe":3,"minecraft:iron_hoe":1},"minecraft:mined":{"minecraft:tuff":14,"minecraft:white_bed":2,"minecraft:deepslate_diamond_ore":13,"minecraft:cherry_log":12,"minecraft:dark_oak_log":4,"minecraft:granite":2,"minecraft:grass_block":13,"minecraft:birch_slab":3,"minecraft:polished_diorite":2,"minecraft:chiseled_tuff_bricks":2,"minecraft:kelp":1,"minecraft:tuff_bricks":7,"minecraft:furnace":5,"minecraft:carrots":274,"minecraft:iron_ore":78,"minecraft:pumpkin":1,"minecraft:andesite":141,"minecraft:deepslate_lapis_ore":5,"minecraft:potatoes":82,"minecraft:vine":5,"minecraft:deepslate_iron_ore":56,"minecraft:stone":629,"minecraft:kelp_plant":21,"minecraft:crafting_table":2,"minecraft:torch":9,"minecraft:short_grass":5,"minecraft:chest":1,"minecraft:polished_diorite_slab":5,"minecraft:cobblestone":18,"minecraft:copper_ore":14,"minecraft:deepslate_coal_ore":11,"minecraft:lily_pad":5,"minecraft:deepslate_gold_ore":2,"minecraft:lapis_ore":9,"minecraft:sugar_cane":40,"minecraft:diorite":218,"minecraft:polished_diorite_stairs":4,"minecraft:birch_planks":20,"minecraft:cobblestone_wall":11,"minecraft:birch_log":108,"minecraft:wheat":145,"minecraft:birch_leaves":10,"minecraft:waxed_copper_block":3,"minecraft:birch_door":3,"minecraft:tnt":2,"minecraft:coal_ore":71,"minecraft:oak_log":10,"minecraft:cherry_leaves":3,"minecraft:gravel":3,"minecraft:sand":27,"minecraft:dirt":134,"minecraft:stone_bricks":3,"minecraft:oak_leaves":15,"minecraft:deepslate":101},"minecraft:dropped":{"minecraft:iron_sword":1,"minecraft:birch_planks":40,"minecraft:cherry_log":1,"minecraft:lapis_lazuli":408,"minecraft:cooked_beef":3,"minecraft:tnt":1,"minecraft:diamond":9,"minecraft:cooked_porkchop":9,"minecraft:cobblestone":1,"minecraft:coal":33,"minecraft:stick":1,"minecraft:dirt":3,"minecraft:dark_oak_log":1,"minecraft:seagrass":3,"minecraft:rose_bush":6,"minecraft:iron_leggings":1,"minecraft:wooden_sword":9,"minecraft:dark_oak_planks":3,"minecraft:string":1,"minecraft:lily_pad":6,"minecraft:stone_axe":1,"minecraft:iron_nugget":36,"minecraft:cooked_chicken":1,"minecraft:bowl":11,"minecraft:rotten_flesh":7,"minecraft:iron_boots":1,"minecraft:iron_hoe":1,"minecraft:shears":6,"minecraft:filled_map":1,"minecraft:shield":1,"minecraft:chest":5,"minecraft:birch_door":8,"minecraft:stone_bricks":5,"minecraft:spider_eye":2,"minecraft:arrow":2,"minecraft:stone_pickaxe":1},"minecraft:killed_by":{"minecraft:player":2},"minecraft:custom":{"minecraft:mob_kills":90,"minecraft:animals_bred":4,"minecraft:interact_with_crafting_table":67,"minecraft:time_since_death":198986,"minecraft:climb_one_cm":6006,"minecraft:sprint_one_cm":591992,"minecraft:walk_one_cm":1252872,"minecraft:damage_blocked_by_shield":2806,"minecraft:drop":112,"minecraft:play_time":272902,"minecraft:deaths":2,"minecraft:sneak_time":41740,"minecraft:walk_under_water_one_cm":9223,"minecraft:jump":2926,"minecraft:walk_on_water_one_cm":40755,"minecraft:enchant_item":7,"minecraft:total_world_time":272902,"minecraft:interact_with_furnace":104,"minecraft:sleep_in_bed":6,"minecraft:time_since_rest":89579,"minecraft:damage_taken":2779,"minecraft:damage_dealt":19421,"minecraft:player_kills":21,"minecraft:swim_one_cm":17340,"minecraft:fly_one_cm":335929,"minecraft:open_chest":171,"minecraft:crouch_one_cm":124862,"minecraft:fall_one_cm":42995},"minecraft:killed":{"minecraft:bogged":1,"minecraft:spider":7,"minecraft:phantom":2,"minecraft:skeleton":15,"minecraft:chicken":1,"minecraft:pig":8,"minecraft:zombie_villager":2,"minecraft:frog":1,"minecraft:creeper":3,"minecraft:sheep":5,"minecraft:zombie":29,"minecraft:enderman":1,"minecraft:cow":14},"minecraft:crafted":{"minecraft:cobbled_deepslate_slab":6,"minecraft:oak_planks":16,"minecraft:stone_shovel":1,"minecraft:birch_slab":12,"minecraft:furnace":3,"minecraft:stone":234,"minecraft:bone_meal":78,"minecraft:cooked_mutton":3,"minecraft:iron_boots":3,"minecraft:polished_diorite":184,"minecraft:stone_pickaxe":9,"minecraft:chest":6,"minecraft:birch_door":6,"minecraft:dark_oak_planks":16,"minecraft:stone_hoe":5,"minecraft:stone_bricks":152,"minecraft:polished_diorite_slab":96,"minecraft:cooked_beef":10,"minecraft:cooked_porkchop":5,"minecraft:crafting_table":1,"minecraft:dried_kelp":6,"minecraft:iron_helmet":2,"minecraft:wooden_pickaxe":1,"minecraft:iron_sword":2,"minecraft:copper_ingot":27,"minecraft:birch_planks":52,"minecraft:stone_axe":1,"minecraft:air":0,"minecraft:wooden_hoe":3,"minecraft:iron_chestplate":2,"minecraft:charcoal":3,"minecraft:shield":3,"minecraft:stick":64,"minecraft:iron_ingot":17,"minecraft:iron_pickaxe":3,"minecraft:wooden_axe":2,"minecraft:iron_leggings":3,"minecraft:white_bed":3,"minecraft:torch":116,"minecraft:polished_diorite_stairs":24,"minecraft:shears":1}},"DataVersion":3953}