{"stats":{"minecraft:used":{"minecraft:wooden_axe":110,"minecraft:stone_pickaxe":10,"minecraft:birch_sapling":3,"minecraft:chest":1,"minecraft:wooden_pickaxe":12,"minecraft:furnace":1,"minecraft:birch_log":1,"minecraft:cooked_beef":2},"minecraft:picked_up":{"minecraft:birch_log":107,"minecraft:stick":14,"minecraft:birch_planks":2,"minecraft:oak_log":6,"minecraft:spider_eye":2,"minecraft:rotten_flesh":2,"minecraft:wheat_seeds":2,"minecraft:beef":3,"minecraft:stone_pickaxe":1,"minecraft:sugar_cane":16,"minecraft:birch_sapling":17,"minecraft:cobblestone":13},"minecraft:mined":{"minecraft:birch_log":105,"minecraft:birch_leaves":10,"minecraft:short_grass":5,"minecraft:oak_log":6,"minecraft:stone":12,"minecraft:sugar_cane":7,"minecraft:oak_leaves":9},"minecraft:broken":{"minecraft:wooden_axe":2},"minecraft:killed_by":{"minecraft:player":1},"minecraft:custom":{"minecraft:time_since_rest":787,"minecraft:interact_with_furnace":6,"minecraft:sprint_one_cm":53241,"minecraft:damage_taken":431,"minecraft:walk_one_cm":40330,"minecraft:mob_kills":5,"minecraft:damage_dealt":880,"minecraft:interact_with_crafting_table":6,"minecraft:fly_one_cm":28036,"minecraft:open_chest":2,"minecraft:crouch_one_cm":3319,"minecraft:play_time":14902,"minecraft:deaths":1,"minecraft:sneak_time":1475,"minecraft:jump":205,"minecraft:time_since_death":743,"minecraft:walk_on_water_one_cm":2049,"minecraft:total_world_time":14902,"minecraft:climb_one_cm":808,"minecraft:fall_one_cm":3050},"minecraft:killed":{"minecraft:zombie":3,"minecraft:spider":1,"minecraft:cow":1},"minecraft:crafted":{"minecraft:cooked_beef":3,"minecraft:stick":4,"minecraft:wooden_pickaxe":1,"minecraft:stone_pickaxe":1,"minecraft:wooden_axe":2,"minecraft:chest":1,"minecraft:furnace":1,"minecraft:birch_planks":24,"minecraft:air":0}},"DataVersion":3953}