{"stats":{"minecraft:used":{"minecraft:dried_kelp":17,"minecraft:chest":3,"minecraft:shield":12,"minecraft:iron_sword":72,"minecraft:cooked_chicken":1,"minecraft:iron_chestplate":1,"minecraft:torch":17,"minecraft:dirt":19,"minecraft:carrot":22,"minecraft:wooden_axe":110,"minecraft:birch_sapling":4,"minecraft:iron_helmet":1,"minecraft:iron_boots":2,"minecraft:bow":5,"minecraft:furnace":6,"minecraft:egg":4,"minecraft:cooked_beef":6,"minecraft:iron_leggings":1,"minecraft:wheat_seeds":1,"minecraft:cooked_mutton":3,"minecraft:stone_pickaxe":655,"minecraft:polished_diorite_slab":70,"minecraft:wooden_pickaxe":12,"minecraft:brown_mushroom":2,"minecraft:sugar_cane":30,"minecraft:sand":5,"minecraft:crafting_table":1,"minecraft:white_bed":3,"minecraft:iron_pickaxe":249,"minecraft:stone_axe":11,"minecraft:cobblestone":70,"minecraft:birch_log":1,"minecraft:bone_meal":18},"minecraft:picked_up":{"minecraft:wooden_axe":1,"minecraft:crafting_table":1,"minecraft:seagrass":3,"minecraft:birch_door":5,"minecraft:iron_chestplate":1,"minecraft:chicken":1,"minecraft:brown_mushroom":2,"minecraft:wooden_pickaxe":2,"minecraft:string":1,"minecraft:raw_copper":65,"minecraft:wooden_sword":9,"minecraft:iron_leggings":1,"minecraft:cobbled_deepslate":18,"minecraft:beef":34,"minecraft:rose_bush":6,"minecraft:iron_nugget":36,"minecraft:iron_pickaxe":1,"minecraft:light_gray_wool":2,"minecraft:chest":5,"minecraft:sugar_cane":38,"minecraft:birch_sapling":74,"minecraft:iron_boots":1,"minecraft:furnace":3,"minecraft:raw_iron":44,"minecraft:stick":18,"minecraft:torch":1,"minecraft:bowl":10,"minecraft:porkchop":27,"minecraft:diorite":162,"minecraft:carrot":22,"minecraft:arrow":9,"minecraft:rotten_flesh":11,"minecraft:shears":6,"minecraft:tuff_bricks":7,"minecraft:mutton":5,"minecraft:white_wool":18,"minecraft:cobblestone":635,"minecraft:birch_log":149,"minecraft:polished_diorite_slab":1,"minecraft:feather":4,"minecraft:birch_slab":5,"minecraft:andesite":84,"minecraft:leather":14,"minecraft:birch_planks":82,"minecraft:filled_map":1,"minecraft:tuff":7,"minecraft:oak_log":6,"minecraft:waxed_copper_block":6,"minecraft:gunpowder":1,"minecraft:lapis_lazuli":424,"minecraft:dirt":36,"minecraft:bone":6,"minecraft:stone_bricks":5,"minecraft:kelp":47,"minecraft:bow":1,"minecraft:wheat_seeds":3,"minecraft:stone_pickaxe":2,"minecraft:iron_ingot":3,"minecraft:cooked_chicken":2,"minecraft:iron_sword":1,"minecraft:gravel":21,"minecraft:sand":24,"minecraft:spider_eye":7,"minecraft:stone_axe":1,"minecraft:iron_helmet":1,"minecraft:granite":1,"minecraft:coal":95,"minecraft:chiseled_tuff_bricks":2},"minecraft:broken":{"minecraft:stone_pickaxe":4,"minecraft:wooden_axe":2},"minecraft:mined":{"minecraft:tuff":8,"minecraft:granite":2,"minecraft:chiseled_tuff_bricks":2,"minecraft:kelp":1,"minecraft:tuff_bricks":7,"minecraft:furnace":3,"minecraft:carrots":6,"minecraft:iron_ore":44,"minecraft:andesite":68,"minecraft:stone":497,"minecraft:kelp_plant":21,"minecraft:crafting_table":1,"minecraft:short_grass":5,"minecraft:chest":1,"minecraft:polished_diorite_slab":1,"minecraft:copper_ore":12,"minecraft:lapis_ore":7,"minecraft:sugar_cane":12,"minecraft:diorite":159,"minecraft:birch_log":108,"minecraft:wheat":1,"minecraft:birch_leaves":10,"minecraft:waxed_copper_block":3,"minecraft:coal_ore":70,"minecraft:oak_log":6,"minecraft:sand":5,"minecraft:dirt":9,"minecraft:oak_leaves":9,"minecraft:deepslate":13},"minecraft:dropped":{"minecraft:birch_planks":40,"minecraft:lapis_lazuli":408,"minecraft:cobblestone":1,"minecraft:coal":20,"minecraft:stick":1,"minecraft:seagrass":3,"minecraft:rose_bush":6,"minecraft:iron_leggings":1,"minecraft:wooden_sword":9,"minecraft:string":1,"minecraft:iron_nugget":36,"minecraft:cooked_chicken":1,"minecraft:bowl":10,"minecraft:rotten_flesh":5,"minecraft:iron_boots":1,"minecraft:shears":6,"minecraft:filled_map":1,"minecraft:shield":1,"minecraft:chest":5,"minecraft:birch_door":5,"minecraft:stone_bricks":5,"minecraft:spider_eye":2,"minecraft:arrow":2},"minecraft:killed_by":{"minecraft:player":2},"minecraft:custom":{"minecraft:mob_kills":43,"minecraft:interact_with_crafting_table":35,"minecraft:time_since_death":18986,"minecraft:climb_one_cm":3274,"minecraft:sprint_one_cm":196783,"minecraft:walk_one_cm":307430,"minecraft:damage_blocked_by_shield":570,"minecraft:drop":78,"minecraft:play_time":92902,"minecraft:deaths":2,"minecraft:sneak_time":16876,"minecraft:walk_under_water_one_cm":5539,"minecraft:jump":1259,"minecraft:walk_on_water_one_cm":23794,"minecraft:total_world_time":92902,"minecraft:interact_with_furnace":66,"minecraft:sleep_in_bed":2,"minecraft:time_since_rest":19054,"minecraft:damage_taken":1127,"minecraft:damage_dealt":4847,"minecraft:swim_one_cm":15005,"minecraft:fly_one_cm":137767,"minecraft:open_chest":48,"minecraft:crouch_one_cm":50178,"minecraft:fall_one_cm":16051},"minecraft:killed":{"minecraft:bogged":1,"minecraft:spider":3,"minecraft:skeleton":3,"minecraft:chicken":1,"minecraft:pig":8,"minecraft:frog":1,"minecraft:sheep":5,"minecraft:zombie":10,"minecraft:cow":11},"minecraft:crafted":{"minecraft:furnace":3,"minecraft:bone_meal":18,"minecraft:cooked_mutton":3,"minecraft:iron_boots":2,"minecraft:polished_diorite":124,"minecraft:stone_pickaxe":7,"minecraft:chest":3,"minecraft:polished_diorite_slab":72,"minecraft:cooked_beef":10,"minecraft:cooked_porkchop":5,"minecraft:dried_kelp":6,"minecraft:iron_helmet":1,"minecraft:wooden_pickaxe":1,"minecraft:iron_sword":1,"minecraft:copper_ingot":27,"minecraft:birch_planks":24,"minecraft:stone_axe":1,"minecraft:air":0,"minecraft:iron_chestplate":1,"minecraft:charcoal":3,"minecraft:shield":2,"minecraft:stick":12,"minecraft:iron_ingot":17,"minecraft:iron_pickaxe":2,"minecraft:wooden_axe":2,"minecraft:iron_leggings":2,"minecraft:white_bed":3,"minecraft:torch":16,"minecraft:shears":1}},"DataVersion":3953}