{"stats":{"minecraft:used":{"minecraft:stone_shovel":11,"minecraft:dried_kelp":17,"minecraft:chest":3,"minecraft:shield":38,"minecraft:iron_sword":233,"minecraft:wooden_shovel":41,"minecraft:stone_hoe":388,"minecraft:cooked_chicken":1,"minecraft:rotten_flesh":3,"minecraft:iron_chestplate":1,"minecraft:torch":127,"minecraft:dirt":161,"minecraft:carrot":419,"minecraft:polished_diorite":102,"minecraft:birch_door":10,"minecraft:iron_hoe":8,"minecraft:wooden_axe":110,"minecraft:birch_sapling":4,"minecraft:iron_helmet":1,"minecraft:iron_boots":2,"minecraft:stone_bricks":136,"minecraft:bow":16,"minecraft:furnace":6,"minecraft:polished_diorite_stairs":28,"minecraft:egg":4,"minecraft:potato":193,"minecraft:cooked_beef":11,"minecraft:cobbled_deepslate":60,"minecraft:iron_leggings":1,"minecraft:wheat_seeds":112,"minecraft:cooked_mutton":8,"minecraft:water_bucket":15,"minecraft:diorite":3,"minecraft:stone_pickaxe":907,"minecraft:polished_diorite_slab":97,"minecraft:wooden_pickaxe":12,"minecraft:brown_mushroom":2,"minecraft:sugar_cane":30,"minecraft:sand":5,"minecraft:tnt":1,"minecraft:crafting_table":3,"minecraft:white_bed":5,"minecraft:wooden_hoe":179,"minecraft:birch_slab":10,"minecraft:suspicious_stew":1,"minecraft:iron_pickaxe":501,"minecraft:stone_axe":23,"minecraft:cobblestone":186,"minecraft:cobbled_deepslate_slab":4,"minecraft:cooked_porkchop":7,"minecraft:andesite":4,"minecraft:bucket":15,"minecraft:birch_log":1,"minecraft:bone_meal":77},"minecraft:picked_up":{"minecraft:wooden_axe":1,"minecraft:crafting_table":2,"minecraft:seagrass":3,"minecraft:birch_door":13,"minecraft:iron_chestplate":1,"minecraft:wheat":53,"minecraft:chicken":1,"minecraft:suspicious_stew":1,"minecraft:brown_mushroom":2,"minecraft:wooden_pickaxe":2,"minecraft:string":3,"minecraft:raw_copper":73,"minecraft:wooden_sword":9,"minecraft:iron_leggings":1,"minecraft:cobbled_deepslate":112,"minecraft:bucket":1,"minecraft:beef":34,"minecraft:rose_bush":6,"minecraft:iron_nugget":36,"minecraft:iron_pickaxe":1,"minecraft:light_gray_wool":2,"minecraft:chest":5,"minecraft:sugar_cane":38,"minecraft:birch_sapling":74,"minecraft:phantom_membrane":1,"minecraft:iron_boots":1,"minecraft:furnace":3,"minecraft:raw_iron":133,"minecraft:stick":22,"minecraft:torch":13,"minecraft:bowl":10,"minecraft:porkchop":27,"minecraft:diorite":220,"minecraft:carrot":534,"minecraft:redstone":3,"minecraft:dark_oak_planks":3,"minecraft:tnt":2,"minecraft:arrow":20,"minecraft:rotten_flesh":31,"minecraft:shears":6,"minecraft:tuff_bricks":7,"minecraft:mutton":5,"minecraft:white_wool":18,"minecraft:cobblestone":768,"minecraft:birch_log":149,"minecraft:polished_diorite_slab":4,"minecraft:feather":4,"minecraft:birch_slab":5,"minecraft:andesite":154,"minecraft:leather":14,"minecraft:potato":217,"minecraft:birch_planks":82,"minecraft:filled_map":1,"minecraft:lily_pad":7,"minecraft:tuff":13,"minecraft:oak_log":9,"minecraft:waxed_copper_block":6,"minecraft:gunpowder":4,"minecraft:lapis_lazuli":470,"minecraft:dirt":190,"minecraft:cooked_mutton":5,"minecraft:bone":18,"minecraft:stone_bricks":8,"minecraft:kelp":47,"minecraft:bow":3,"minecraft:wheat_seeds":167,"minecraft:raw_gold":2,"minecraft:stone_pickaxe":3,"minecraft:iron_ingot":3,"minecraft:cooked_chicken":2,"minecraft:iron_sword":1,"minecraft:pumpkin":1,"minecraft:poisonous_potato":1,"minecraft:gravel":24,"minecraft:sand":66,"minecraft:white_bed":2,"minecraft:dark_oak_log":2,"minecraft:spider_eye":8,"minecraft:polished_diorite_stairs":4,"minecraft:polished_diorite":2,"minecraft:diamond":13,"minecraft:stone_axe":1,"minecraft:iron_helmet":1,"minecraft:granite":1,"minecraft:oak_sapling":5,"minecraft:oak_leaves":11,"minecraft:coal":107,"minecraft:chiseled_tuff_bricks":2},"minecraft:broken":{"minecraft:wooden_shovel":1,"minecraft:stone_hoe":2,"minecraft:stone_pickaxe":7,"minecraft:iron_pickaxe":2,"minecraft:wooden_axe":2,"minecraft:wooden_hoe":3,"minecraft:iron_hoe":1},"minecraft:mined":{"minecraft:tuff":14,"minecraft:white_bed":2,"minecraft:deepslate_diamond_ore":13,"minecraft:dark_oak_log":4,"minecraft:granite":2,"minecraft:grass_block":9,"minecraft:polished_diorite":2,"minecraft:chiseled_tuff_bricks":2,"minecraft:kelp":1,"minecraft:tuff_bricks":7,"minecraft:furnace":3,"minecraft:carrots":143,"minecraft:iron_ore":78,"minecraft:pumpkin":1,"minecraft:andesite":141,"minecraft:deepslate_lapis_ore":5,"minecraft:potatoes":57,"minecraft:vine":5,"minecraft:deepslate_iron_ore":56,"minecraft:stone":629,"minecraft:kelp_plant":21,"minecraft:crafting_table":2,"minecraft:torch":5,"minecraft:short_grass":5,"minecraft:chest":1,"minecraft:polished_diorite_slab":5,"minecraft:cobblestone":5,"minecraft:copper_ore":14,"minecraft:deepslate_coal_ore":11,"minecraft:lily_pad":5,"minecraft:deepslate_gold_ore":2,"minecraft:lapis_ore":9,"minecraft:sugar_cane":12,"minecraft:diorite":218,"minecraft:polished_diorite_stairs":4,"minecraft:birch_log":108,"minecraft:wheat":73,"minecraft:birch_leaves":10,"minecraft:waxed_copper_block":3,"minecraft:birch_door":3,"minecraft:tnt":2,"minecraft:coal_ore":71,"minecraft:oak_log":10,"minecraft:gravel":3,"minecraft:sand":27,"minecraft:dirt":98,"minecraft:stone_bricks":3,"minecraft:oak_leaves":15,"minecraft:deepslate":101},"minecraft:dropped":{"minecraft:birch_planks":40,"minecraft:lapis_lazuli":408,"minecraft:cooked_beef":3,"minecraft:tnt":1,"minecraft:diamond":9,"minecraft:cooked_porkchop":6,"minecraft:cobblestone":1,"minecraft:coal":33,"minecraft:stick":1,"minecraft:dirt":3,"minecraft:dark_oak_log":1,"minecraft:seagrass":3,"minecraft:rose_bush":6,"minecraft:iron_leggings":1,"minecraft:wooden_sword":9,"minecraft:dark_oak_planks":3,"minecraft:string":1,"minecraft:lily_pad":6,"minecraft:iron_nugget":36,"minecraft:cooked_chicken":1,"minecraft:bowl":11,"minecraft:rotten_flesh":5,"minecraft:iron_boots":1,"minecraft:shears":6,"minecraft:filled_map":1,"minecraft:shield":1,"minecraft:chest":5,"minecraft:birch_door":8,"minecraft:stone_bricks":5,"minecraft:spider_eye":2,"minecraft:arrow":2,"minecraft:stone_pickaxe":1},"minecraft:killed_by":{"minecraft:player":2},"minecraft:custom":{"minecraft:mob_kills":82,"minecraft:animals_bred":4,"minecraft:interact_with_crafting_table":56,"minecraft:time_since_death":150986,"minecraft:climb_one_cm":4532,"minecraft:sprint_one_cm":456225,"minecraft:walk_one_cm":972330,"minecraft:damage_blocked_by_shield":2806,"minecraft:drop":104,"minecraft:play_time":224902,"minecraft:deaths":2,"minecraft:sneak_time":40170,"minecraft:walk_under_water_one_cm":9168,"minecraft:jump":2562,"minecraft:walk_on_water_one_cm":36849,"minecraft:total_world_time":224902,"minecraft:interact_with_furnace":104,"minecraft:sleep_in_bed":6,"minecraft:time_since_rest":41579,"minecraft:damage_taken":2408,"minecraft:damage_dealt":13090,"minecraft:swim_one_cm":15786,"minecraft:fly_one_cm":262163,"minecraft:open_chest":111,"minecraft:crouch_one_cm":119144,"minecraft:fall_one_cm":35237},"minecraft:killed":{"minecraft:bogged":1,"minecraft:spider":6,"minecraft:phantom":2,"minecraft:skeleton":15,"minecraft:chicken":1,"minecraft:pig":8,"minecraft:zombie_villager":1,"minecraft:frog":1,"minecraft:creeper":3,"minecraft:sheep":5,"minecraft:zombie":27,"minecraft:cow":11},"minecraft:crafted":{"minecraft:cobbled_deepslate_slab":6,"minecraft:stone_shovel":1,"minecraft:birch_slab":12,"minecraft:furnace":3,"minecraft:stone":234,"minecraft:bone_meal":78,"minecraft:cooked_mutton":3,"minecraft:iron_boots":2,"minecraft:polished_diorite":184,"minecraft:stone_pickaxe":7,"minecraft:chest":3,"minecraft:birch_door":6,"minecraft:dark_oak_planks":4,"minecraft:stone_hoe":3,"minecraft:stone_bricks":152,"minecraft:polished_diorite_slab":96,"minecraft:cooked_beef":10,"minecraft:cooked_porkchop":5,"minecraft:crafting_table":1,"minecraft:dried_kelp":6,"minecraft:iron_helmet":1,"minecraft:wooden_pickaxe":1,"minecraft:iron_sword":1,"minecraft:copper_ingot":27,"minecraft:birch_planks":52,"minecraft:stone_axe":1,"minecraft:air":0,"minecraft:wooden_hoe":3,"minecraft:iron_chestplate":1,"minecraft:charcoal":3,"minecraft:shield":3,"minecraft:stick":48,"minecraft:iron_ingot":17,"minecraft:iron_pickaxe":2,"minecraft:wooden_axe":2,"minecraft:iron_leggings":2,"minecraft:white_bed":3,"minecraft:torch":116,"minecraft:polished_diorite_stairs":24,"minecraft:shears":1}},"DataVersion":3953}