{"stats":{"minecraft:used":{"minecraft:cooked_mutton":3,"minecraft:stone_pickaxe":252,"minecraft:dried_kelp":14,"minecraft:shield":9,"minecraft:chest":1,"minecraft:wooden_pickaxe":12,"minecraft:iron_sword":27,"minecraft:cooked_chicken":1,"minecraft:iron_chestplate":1,"minecraft:torch":17,"minecraft:white_bed":3,"minecraft:wooden_axe":110,"minecraft:birch_sapling":4,"minecraft:iron_pickaxe":7,"minecraft:iron_boots":1,"minecraft:stone_axe":9,"minecraft:cobblestone":26,"minecraft:bow":5,"minecraft:furnace":2,"minecraft:birch_log":1,"minecraft:cooked_beef":4,"minecraft:iron_leggings":1},"minecraft:picked_up":{"minecraft:birch_log":110,"minecraft:andesite":4,"minecraft:leather":1,"minecraft:birch_planks":2,"minecraft:tuff":5,"minecraft:oak_log":6,"minecraft:lapis_lazuli":54,"minecraft:string":1,"minecraft:bone":4,"minecraft:kelp":47,"minecraft:wheat_seeds":2,"minecraft:cobbled_deepslate":7,"minecraft:beef":5,"minecraft:stone_pickaxe":1,"minecraft:cooked_chicken":2,"minecraft:light_gray_wool":2,"minecraft:sugar_cane":32,"minecraft:birch_sapling":18,"minecraft:stick":17,"minecraft:raw_iron":42,"minecraft:torch":1,"minecraft:diorite":1,"minecraft:carrot":1,"minecraft:spider_eye":3,"minecraft:arrow":7,"minecraft:rotten_flesh":7,"minecraft:tuff_bricks":1,"minecraft:mutton":2,"minecraft:coal":11,"minecraft:white_wool":10,"minecraft:cobblestone":175},"minecraft:mined":{"minecraft:tuff":6,"minecraft:kelp_plant":21,"minecraft:granite":1,"minecraft:short_grass":5,"minecraft:lapis_ore":7,"minecraft:kelp":1,"minecraft:sugar_cane":7,"minecraft:diorite":1,"minecraft:tuff_bricks":2,"minecraft:birch_log":108,"minecraft:iron_ore":42,"minecraft:birch_leaves":10,"minecraft:andesite":4,"minecraft:oak_log":6,"minecraft:coal_ore":11,"minecraft:stone":174,"minecraft:deepslate":8,"minecraft:oak_leaves":9},"minecraft:broken":{"minecraft:stone_pickaxe":2,"minecraft:wooden_axe":2},"minecraft:dropped":{"minecraft:cooked_chicken":1,"minecraft:rotten_flesh":1,"minecraft:cobblestone":1,"minecraft:iron_boots":1,"minecraft:stick":1,"minecraft:shield":1,"minecraft:iron_leggings":1},"minecraft:killed_by":{"minecraft:player":1},"minecraft:custom":{"minecraft:interact_with_furnace":44,"minecraft:mob_kills":21,"minecraft:interact_with_crafting_table":21,"minecraft:time_since_death":36743,"minecraft:sleep_in_bed":2,"minecraft:climb_one_cm":1374,"minecraft:time_since_rest":13709,"minecraft:sprint_one_cm":146440,"minecraft:damage_taken":1047,"minecraft:walk_one_cm":178138,"minecraft:damage_blocked_by_shield":480,"minecraft:drop":7,"minecraft:damage_dealt":2679,"minecraft:swim_one_cm":14060,"minecraft:fly_one_cm":85454,"minecraft:open_chest":20,"minecraft:crouch_one_cm":12899,"minecraft:play_time":50902,"minecraft:deaths":1,"minecraft:sneak_time":5628,"minecraft:walk_under_water_one_cm":4110,"minecraft:jump":757,"minecraft:walk_on_water_one_cm":9168,"minecraft:total_world_time":50902,"minecraft:fall_one_cm":10935},"minecraft:killed":{"minecraft:bogged":1,"minecraft:spider":2,"minecraft:frog":1,"minecraft:skeleton":3,"minecraft:sheep":2,"minecraft:zombie":10,"minecraft:cow":2},"minecraft:crafted":{"minecraft:cooked_beef":5,"minecraft:dried_kelp":1,"minecraft:wooden_pickaxe":1,"minecraft:iron_helmet":1,"minecraft:iron_sword":1,"minecraft:furnace":2,"minecraft:birch_planks":24,"minecraft:stone_axe":1,"minecraft:cooked_mutton":3,"minecraft:air":0,"minecraft:iron_chestplate":1,"minecraft:iron_boots":2,"minecraft:charcoal":3,"minecraft:shield":2,"minecraft:stick":4,"minecraft:iron_ingot":17,"minecraft:iron_pickaxe":1,"minecraft:stone_pickaxe":4,"minecraft:wooden_axe":2,"minecraft:chest":1,"minecraft:iron_leggings":2,"minecraft:white_bed":3,"minecraft:torch":16,"minecraft:shears":1}},"DataVersion":3953}