{"stats":{"minecraft:used":{"minecraft:wooden_axe":110,"minecraft:stone_pickaxe":226,"minecraft:birch_sapling":4,"minecraft:chest":1,"minecraft:wooden_pickaxe":12,"minecraft:torch":14,"minecraft:stone_axe":2,"minecraft:cobblestone":1,"minecraft:furnace":2,"minecraft:birch_log":1,"minecraft:cooked_beef":4},"minecraft:picked_up":{"minecraft:birch_log":107,"minecraft:raw_iron":42,"minecraft:stick":14,"minecraft:andesite":4,"minecraft:leather":1,"minecraft:torch":1,"minecraft:birch_planks":2,"minecraft:oak_log":6,"minecraft:lapis_lazuli":54,"minecraft:spider_eye":2,"minecraft:bone":2,"minecraft:arrow":4,"minecraft:rotten_flesh":2,"minecraft:wheat_seeds":2,"minecraft:beef":5,"minecraft:stone_pickaxe":1,"minecraft:coal":11,"minecraft:sugar_cane":32,"minecraft:birch_sapling":18,"minecraft:cobblestone":159},"minecraft:mined":{"minecraft:iron_ore":42,"minecraft:birch_log":105,"minecraft:andesite":4,"minecraft:birch_leaves":10,"minecraft:granite":1,"minecraft:coal_ore":11,"minecraft:short_grass":5,"minecraft:oak_log":6,"minecraft:lapis_ore":7,"minecraft:stone":158,"minecraft:sugar_cane":7,"minecraft:oak_leaves":9},"minecraft:broken":{"minecraft:wooden_axe":2,"minecraft:stone_pickaxe":1},"minecraft:killed_by":{"minecraft:player":1},"minecraft:custom":{"minecraft:time_since_rest":12787,"minecraft:interact_with_furnace":15,"minecraft:sprint_one_cm":87084,"minecraft:damage_taken":596,"minecraft:walk_one_cm":74666,"minecraft:mob_kills":9,"minecraft:damage_dealt":1099,"minecraft:swim_one_cm":538,"minecraft:interact_with_crafting_table":10,"minecraft:fly_one_cm":38514,"minecraft:open_chest":7,"minecraft:crouch_one_cm":8380,"minecraft:play_time":26902,"minecraft:deaths":1,"minecraft:sneak_time":3993,"minecraft:walk_under_water_one_cm":542,"minecraft:jump":341,"minecraft:time_since_death":12743,"minecraft:walk_on_water_one_cm":2352,"minecraft:total_world_time":26902,"minecraft:climb_one_cm":808,"minecraft:fall_one_cm":4844},"minecraft:killed":{"minecraft:skeleton":2,"minecraft:zombie":4,"minecraft:spider":1,"minecraft:cow":2},"minecraft:crafted":{"minecraft:cooked_beef":5,"minecraft:charcoal":3,"minecraft:stick":4,"minecraft:wooden_pickaxe":1,"minecraft:stone_pickaxe":2,"minecraft:wooden_axe":2,"minecraft:chest":1,"minecraft:furnace":2,"minecraft:torch":16,"minecraft:birch_planks":24,"minecraft:stone_axe":1,"minecraft:air":0}},"DataVersion":3953}