{"stats":{"minecraft:used":{"minecraft:stone_shovel":11,"minecraft:dried_kelp":17,"minecraft:chest":3,"minecraft:shield":38,"minecraft:iron_sword":230,"minecraft:wooden_shovel":41,"minecraft:stone_hoe":151,"minecraft:cooked_chicken":1,"minecraft:rotten_flesh":3,"minecraft:iron_chestplate":1,"minecraft:torch":122,"minecraft:dirt":25,"minecraft:carrot":285,"minecraft:polished_diorite":102,"minecraft:birch_door":10,"minecraft:iron_hoe":8,"minecraft:wooden_axe":110,"minecraft:birch_sapling":4,"minecraft:iron_helmet":1,"minecraft:iron_boots":2,"minecraft:stone_bricks":136,"minecraft:bow":16,"minecraft:furnace":6,"minecraft:polished_diorite_stairs":28,"minecraft:egg":4,"minecraft:potato":128,"minecraft:cooked_beef":11,"minecraft:cobbled_deepslate":60,"minecraft:iron_leggings":1,"minecraft:wheat_seeds":84,"minecraft:cooked_mutton":5,"minecraft:water_bucket":11,"minecraft:stone_pickaxe":858,"minecraft:polished_diorite_slab":97,"minecraft:wooden_pickaxe":12,"minecraft:brown_mushroom":2,"minecraft:sugar_cane":30,"minecraft:sand":5,"minecraft:crafting_table":3,"minecraft:white_bed":5,"minecraft:wooden_hoe":179,"minecraft:birch_slab":5,"minecraft:suspicious_stew":1,"minecraft:iron_pickaxe":498,"minecraft:stone_axe":19,"minecraft:cobblestone":145,"minecraft:cobbled_deepslate_slab":4,"minecraft:cooked_porkchop":7,"minecraft:bucket":12,"minecraft:birch_log":1,"minecraft:bone_meal":75},"minecraft:picked_up":{"minecraft:wooden_axe":1,"minecraft:crafting_table":2,"minecraft:seagrass":3,"minecraft:birch_door":13,"minecraft:iron_chestplate":1,"minecraft:wheat":25,"minecraft:chicken":1,"minecraft:suspicious_stew":1,"minecraft:brown_mushroom":2,"minecraft:wooden_pickaxe":2,"minecraft:string":3,"minecraft:raw_copper":65,"minecraft:wooden_sword":9,"minecraft:iron_leggings":1,"minecraft:cobbled_deepslate":112,"minecraft:bucket":1,"minecraft:beef":34,"minecraft:rose_bush":6,"minecraft:iron_nugget":36,"minecraft:iron_pickaxe":1,"minecraft:light_gray_wool":2,"minecraft:chest":5,"minecraft:sugar_cane":38,"minecraft:birch_sapling":74,"minecraft:phantom_membrane":1,"minecraft:iron_boots":1,"minecraft:furnace":3,"minecraft:raw_iron":133,"minecraft:stick":22,"minecraft:torch":13,"minecraft:bowl":10,"minecraft:porkchop":27,"minecraft:diorite":220,"minecraft:carrot":285,"minecraft:redstone":3,"minecraft:dark_oak_planks":3,"minecraft:arrow":19,"minecraft:rotten_flesh":31,"minecraft:shears":6,"minecraft:tuff_bricks":7,"minecraft:mutton":5,"minecraft:white_wool":18,"minecraft:cobblestone":718,"minecraft:birch_log":149,"minecraft:polished_diorite_slab":4,"minecraft:feather":4,"minecraft:birch_slab":5,"minecraft:andesite":154,"minecraft:leather":14,"minecraft:potato":129,"minecraft:birch_planks":82,"minecraft:filled_map":1,"minecraft:lily_pad":4,"minecraft:tuff":13,"minecraft:oak_log":6,"minecraft:waxed_copper_block":6,"minecraft:gunpowder":4,"minecraft:lapis_lazuli":470,"minecraft:dirt":116,"minecraft:cooked_mutton":5,"minecraft:bone":18,"minecraft:stone_bricks":8,"minecraft:kelp":47,"minecraft:bow":3,"minecraft:wheat_seeds":86,"minecraft:raw_gold":2,"minecraft:stone_pickaxe":3,"minecraft:iron_ingot":3,"minecraft:cooked_chicken":2,"minecraft:iron_sword":1,"minecraft:gravel":21,"minecraft:sand":24,"minecraft:white_bed":2,"minecraft:dark_oak_log":2,"minecraft:spider_eye":8,"minecraft:polished_diorite_stairs":4,"minecraft:polished_diorite":2,"minecraft:diamond":13,"minecraft:stone_axe":1,"minecraft:iron_helmet":1,"minecraft:granite":1,"minecraft:oak_sapling":4,"minecraft:coal":107,"minecraft:chiseled_tuff_bricks":2},"minecraft:broken":{"minecraft:wooden_shovel":1,"minecraft:stone_hoe":1,"minecraft:stone_pickaxe":6,"minecraft:iron_pickaxe":1,"minecraft:wooden_axe":2,"minecraft:wooden_hoe":3,"minecraft:iron_hoe":1},"minecraft:mined":{"minecraft:tuff":14,"minecraft:white_bed":2,"minecraft:deepslate_diamond_ore":13,"minecraft:dark_oak_log":4,"minecraft:granite":2,"minecraft:grass_block":9,"minecraft:polished_diorite":2,"minecraft:chiseled_tuff_bricks":2,"minecraft:kelp":1,"minecraft:tuff_bricks":7,"minecraft:furnace":3,"minecraft:carrots":74,"minecraft:iron_ore":78,"minecraft:andesite":141,"minecraft:deepslate_lapis_ore":5,"minecraft:potatoes":32,"minecraft:vine":3,"minecraft:deepslate_iron_ore":56,"minecraft:stone":579,"minecraft:kelp_plant":21,"minecraft:crafting_table":2,"minecraft:torch":5,"minecraft:short_grass":5,"minecraft:chest":1,"minecraft:polished_diorite_slab":5,"minecraft:cobblestone":5,"minecraft:copper_ore":12,"minecraft:deepslate_coal_ore":11,"minecraft:lily_pad":2,"minecraft:deepslate_gold_ore":2,"minecraft:lapis_ore":9,"minecraft:sugar_cane":12,"minecraft:diorite":218,"minecraft:polished_diorite_stairs":4,"minecraft:birch_log":108,"minecraft:wheat":41,"minecraft:birch_leaves":10,"minecraft:waxed_copper_block":3,"minecraft:birch_door":3,"minecraft:coal_ore":71,"minecraft:oak_log":6,"minecraft:sand":5,"minecraft:dirt":94,"minecraft:stone_bricks":3,"minecraft:oak_leaves":9,"minecraft:deepslate":101},"minecraft:dropped":{"minecraft:birch_planks":40,"minecraft:lapis_lazuli":408,"minecraft:cooked_beef":3,"minecraft:diamond":9,"minecraft:cooked_porkchop":6,"minecraft:cobblestone":1,"minecraft:coal":33,"minecraft:stick":1,"minecraft:dirt":3,"minecraft:seagrass":3,"minecraft:rose_bush":6,"minecraft:iron_leggings":1,"minecraft:wooden_sword":9,"minecraft:dark_oak_planks":3,"minecraft:string":1,"minecraft:iron_nugget":36,"minecraft:cooked_chicken":1,"minecraft:bowl":11,"minecraft:rotten_flesh":5,"minecraft:iron_boots":1,"minecraft:shears":6,"minecraft:filled_map":1,"minecraft:shield":1,"minecraft:chest":5,"minecraft:birch_door":8,"minecraft:stone_bricks":5,"minecraft:spider_eye":2,"minecraft:arrow":2,"minecraft:stone_pickaxe":1},"minecraft:killed_by":{"minecraft:player":2},"minecraft:custom":{"minecraft:mob_kills":81,"minecraft:interact_with_crafting_table":53,"minecraft:time_since_death":126986,"minecraft:climb_one_cm":3350,"minecraft:sprint_one_cm":380704,"minecraft:walk_one_cm":818178,"minecraft:damage_blocked_by_shield":2806,"minecraft:drop":101,"minecraft:play_time":200902,"minecraft:deaths":2,"minecraft:sneak_time":37405,"minecraft:walk_under_water_one_cm":7872,"minecraft:jump":2447,"minecraft:walk_on_water_one_cm":33332,"minecraft:total_world_time":200902,"minecraft:interact_with_furnace":101,"minecraft:sleep_in_bed":6,"minecraft:time_since_rest":17579,"minecraft:damage_taken":2345,"minecraft:damage_dealt":12924,"minecraft:swim_one_cm":15786,"minecraft:fly_one_cm":237123,"minecraft:open_chest":102,"minecraft:crouch_one_cm":105586,"minecraft:fall_one_cm":33737},"minecraft:killed":{"minecraft:bogged":1,"minecraft:spider":6,"minecraft:phantom":2,"minecraft:skeleton":14,"minecraft:chicken":1,"minecraft:pig":8,"minecraft:zombie_villager":1,"minecraft:frog":1,"minecraft:creeper":3,"minecraft:sheep":5,"minecraft:zombie":27,"minecraft:cow":11},"minecraft:crafted":{"minecraft:cobbled_deepslate_slab":6,"minecraft:stone_shovel":1,"minecraft:birch_slab":6,"minecraft:furnace":3,"minecraft:stone":234,"minecraft:bone_meal":78,"minecraft:cooked_mutton":3,"minecraft:iron_boots":2,"minecraft:polished_diorite":184,"minecraft:stone_pickaxe":7,"minecraft:chest":3,"minecraft:birch_door":6,"minecraft:stone_hoe":2,"minecraft:stone_bricks":152,"minecraft:polished_diorite_slab":96,"minecraft:cooked_beef":10,"minecraft:cooked_porkchop":5,"minecraft:crafting_table":1,"minecraft:dried_kelp":6,"minecraft:iron_helmet":1,"minecraft:wooden_pickaxe":1,"minecraft:iron_sword":1,"minecraft:copper_ingot":27,"minecraft:birch_planks":52,"minecraft:stone_axe":1,"minecraft:air":0,"minecraft:wooden_hoe":3,"minecraft:iron_chestplate":1,"minecraft:charcoal":3,"minecraft:shield":3,"minecraft:stick":44,"minecraft:iron_ingot":17,"minecraft:iron_pickaxe":2,"minecraft:wooden_axe":2,"minecraft:iron_leggings":2,"minecraft:white_bed":3,"minecraft:torch":112,"minecraft:polished_diorite_stairs":24,"minecraft:shears":1}},"DataVersion":3953}