{"stats":{"minecraft:used":{"minecraft:wheat_seeds":5,"minecraft:cooked_mutton":4,"minecraft:stone_sword":42,"minecraft:birch_planks":33,"minecraft:stone_pickaxe":130,"minecraft:dried_kelp":33,"minecraft:shield":15,"minecraft:wooden_pickaxe":32,"minecraft:iron_sword":36,"minecraft:cooked_chicken":1,"minecraft:torch":1,"minecraft:dirt":1,"minecraft:wooden_axe":7,"minecraft:bread":1,"minecraft:birch_sapling":3,"minecraft:iron_pickaxe":18,"minecraft:wooden_sword":20,"minecraft:cobblestone":11,"minecraft:cooked_beef":2},"minecraft:picked_up":{"minecraft:wooden_axe":1,"minecraft:birch_log":41,"minecraft:feather":2,"minecraft:cooked_beef":2,"minecraft:chicken":3,"minecraft:andesite":10,"minecraft:wooden_pickaxe":5,"minecraft:birch_planks":310,"minecraft:tuff":1,"minecraft:oak_log":6,"minecraft:shield":1,"minecraft:gunpowder":2,"minecraft:lapis_lazuli":27,"minecraft:dirt":34,"minecraft:wooden_sword":5,"minecraft:iron_leggings":1,"minecraft:cooked_mutton":1,"minecraft:bone":14,"minecraft:bow":4,"minecraft:wheat_seeds":9,"minecraft:cobbled_deepslate":7,"minecraft:beef":1,"minecraft:stone_pickaxe":1,"minecraft:iron_nugget":6,"minecraft:sugar_cane":16,"minecraft:birch_sapling":48,"minecraft:iron_boots":1,"minecraft:egg":4,"minecraft:stick":25,"minecraft:raw_iron":36,"minecraft:torch":3,"minecraft:dried_kelp":9,"minecraft:diorite":4,"minecraft:redstone":41,"minecraft:spider_eye":1,"minecraft:stone_sword":4,"minecraft:arrow":8,"minecraft:rotten_flesh":7,"minecraft:bread":2,"minecraft:mutton":4,"minecraft:cobblestone":162},"minecraft:mined":{"minecraft:deepslate_redstone_ore":8,"minecraft:tuff":1,"minecraft:torch":1,"minecraft:short_grass":46,"minecraft:lapis_ore":4,"minecraft:diorite":3,"minecraft:redstone_ore":1,"minecraft:birch_log":6,"minecraft:iron_ore":22,"minecraft:birch_leaves":5,"minecraft:andesite":6,"minecraft:stone":134},"minecraft:broken":{"minecraft:stone_pickaxe":1},"minecraft:dropped":{"minecraft:cooked_chicken":2,"minecraft:dried_kelp":7},"minecraft:killed_by":{"minecraft:player":1,"minecraft:skeleton":6,"minecraft:zombie":1},"minecraft:custom":{"minecraft:interact_with_furnace":42,"minecraft:mob_kills":17,"minecraft:interact_with_crafting_table":11,"minecraft:time_since_death":503,"minecraft:climb_one_cm":784,"minecraft:time_since_rest":527,"minecraft:sprint_one_cm":185153,"minecraft:damage_taken":3150,"minecraft:walk_one_cm":238976,"minecraft:damage_blocked_by_shield":625,"minecraft:drop":3,"minecraft:damage_dealt":3333,"minecraft:swim_one_cm":11882,"minecraft:fly_one_cm":79691,"minecraft:player_kills":1,"minecraft:open_chest":31,"minecraft:crouch_one_cm":715,"minecraft:play_time":56573,"minecraft:deaths":8,"minecraft:sneak_time":215,"minecraft:walk_under_water_one_cm":4037,"minecraft:jump":817,"minecraft:walk_on_water_one_cm":12332,"minecraft:total_world_time":56573,"minecraft:fall_one_cm":13376},"minecraft:killed":{"minecraft:spider":2,"minecraft:sheep":1,"minecraft:skeleton":7,"minecraft:zombie":3,"minecraft:chicken":3,"minecraft:cow":1},"minecraft:crafted":{"minecraft:wooden_sword":2,"minecraft:dried_kelp":46,"minecraft:wooden_pickaxe":1,"minecraft:cooked_chicken":3,"minecraft:iron_sword":1,"minecraft:birch_planks":264,"minecraft:cooked_mutton":4,"minecraft:air":0,"minecraft:iron_chestplate":1,"minecraft:stick":12,"minecraft:iron_ingot":41,"minecraft:iron_pickaxe":1,"minecraft:stone_pickaxe":1,"minecraft:wooden_axe":1,"minecraft:stone_sword":1}},"DataVersion":3953}