{"stats":{"minecraft:used":{"minecraft:wheat_seeds":6,"minecraft:cooked_mutton":4,"minecraft:stone_sword":72,"minecraft:birch_planks":33,"minecraft:stone_pickaxe":130,"minecraft:dried_kelp":36,"minecraft:birch_boat":1,"minecraft:shield":15,"minecraft:wooden_pickaxe":32,"minecraft:iron_sword":36,"minecraft:cooked_chicken":1,"minecraft:torch":1,"minecraft:dirt":1,"minecraft:carrot":9,"minecraft:wooden_axe":7,"minecraft:bread":1,"minecraft:birch_sapling":3,"minecraft:iron_pickaxe":18,"minecraft:iron_helmet":1,"minecraft:wooden_sword":20,"minecraft:cobblestone":11,"minecraft:bow":8,"minecraft:cooked_beef":2},"minecraft:picked_up":{"minecraft:wooden_axe":1,"minecraft:birch_log":44,"minecraft:birch_door":1,"minecraft:seagrass":1,"minecraft:feather":2,"minecraft:cooked_beef":2,"minecraft:chicken":3,"minecraft:birch_slab":5,"minecraft:andesite":10,"minecraft:leather":2,"minecraft:wooden_pickaxe":5,"minecraft:filled_map":1,"minecraft:birch_planks":310,"minecraft:tuff":1,"minecraft:oak_log":6,"minecraft:waxed_copper_block":3,"minecraft:lily_pad":26,"minecraft:shield":1,"minecraft:gunpowder":2,"minecraft:lapis_lazuli":27,"minecraft:dirt":46,"minecraft:wooden_sword":11,"minecraft:iron_leggings":1,"minecraft:cooked_mutton":1,"minecraft:bone":34,"minecraft:kelp":11,"minecraft:bow":11,"minecraft:wheat_seeds":10,"minecraft:cobbled_deepslate":7,"minecraft:beef":1,"minecraft:stone_pickaxe":1,"minecraft:rose_bush":1,"minecraft:iron_nugget":6,"minecraft:sugar_cane":17,"minecraft:birch_sapling":48,"minecraft:iron_sword":1,"minecraft:iron_boots":1,"minecraft:egg":4,"minecraft:stick":25,"minecraft:raw_iron":36,"minecraft:porkchop":3,"minecraft:torch":3,"minecraft:bowl":2,"minecraft:sand":13,"minecraft:gravel":36,"minecraft:dried_kelp":9,"minecraft:diorite":26,"minecraft:carrot":13,"minecraft:redstone":41,"minecraft:spider_eye":4,"minecraft:stone_sword":9,"minecraft:arrow":21,"minecraft:rotten_flesh":15,"minecraft:iron_helmet":3,"minecraft:bread":2,"minecraft:mutton":4,"minecraft:coal":5,"minecraft:white_wool":3,"minecraft:cobblestone":162,"minecraft:iron_chestplate":1},"minecraft:mined":{"minecraft:deepslate_redstone_ore":8,"minecraft:tuff":1,"minecraft:torch":1,"minecraft:short_grass":46,"minecraft:grass_block":4,"minecraft:lapis_ore":4,"minecraft:sugar_cane":1,"minecraft:diorite":3,"minecraft:redstone_ore":1,"minecraft:birch_log":6,"minecraft:iron_ore":22,"minecraft:wheat":1,"minecraft:birch_leaves":5,"minecraft:andesite":6,"minecraft:gravel":13,"minecraft:dirt":9,"minecraft:stone":134},"minecraft:broken":{"minecraft:stone_pickaxe":1},"minecraft:dropped":{"minecraft:cooked_chicken":2,"minecraft:rotten_flesh":4,"minecraft:iron_helmet":1,"minecraft:waxed_copper_block":3,"minecraft:birch_slab":5,"minecraft:diorite":22,"minecraft:iron_chestplate":1,"minecraft:dried_kelp":7,"minecraft:spider_eye":2,"minecraft:wooden_sword":4,"minecraft:bow":2,"minecraft:birch_log":3,"minecraft:white_wool":1,"minecraft:gravel":12,"minecraft:iron_sword":1},"minecraft:killed_by":{"minecraft:player":2,"minecraft:skeleton":9,"minecraft:zombie":2},"minecraft:custom":{"minecraft:interact_with_furnace":55,"minecraft:mob_kills":27,"minecraft:interact_with_crafting_table":12,"minecraft:time_since_death":9312,"minecraft:climb_one_cm":784,"minecraft:time_since_rest":9398,"minecraft:sprint_one_cm":233145,"minecraft:damage_taken":4290,"minecraft:walk_one_cm":295535,"minecraft:damage_blocked_by_shield":625,"minecraft:drop":21,"minecraft:damage_dealt":4324,"minecraft:talked_to_villager":2,"minecraft:swim_one_cm":18794,"minecraft:fly_one_cm":99441,"minecraft:player_kills":2,"minecraft:open_chest":41,"minecraft:crouch_one_cm":715,"minecraft:play_time":74573,"minecraft:deaths":13,"minecraft:sneak_time":302,"minecraft:walk_under_water_one_cm":12266,"minecraft:boat_one_cm":130140,"minecraft:jump":1015,"minecraft:walk_on_water_one_cm":26617,"minecraft:total_world_time":74573,"minecraft:fall_one_cm":16819},"minecraft:killed":{"minecraft:pig":2,"minecraft:spider":2,"minecraft:creeper":1,"minecraft:sheep":1,"minecraft:skeleton":10,"minecraft:zombie":5,"minecraft:chicken":3,"minecraft:skeleton_horse":2,"minecraft:cow":1},"minecraft:crafted":{"minecraft:wooden_sword":2,"minecraft:birch_boat":1,"minecraft:dried_kelp":52,"minecraft:wooden_pickaxe":1,"minecraft:cooked_chicken":3,"minecraft:iron_sword":1,"minecraft:birch_planks":264,"minecraft:cooked_mutton":4,"minecraft:air":0,"minecraft:iron_chestplate":1,"minecraft:stick":12,"minecraft:iron_ingot":43,"minecraft:iron_pickaxe":1,"minecraft:stone_pickaxe":1,"minecraft:wooden_axe":1,"minecraft:stone_sword":1}},"DataVersion":3953}