{"stats":{"minecraft:used":{"minecraft:cooked_mutton":2,"minecraft:wooden_axe":7,"minecraft:wooden_sword":18},"minecraft:picked_up":{"minecraft:wooden_axe":1,"minecraft:birch_log":41,"minecraft:stick":25,"minecraft:wooden_pickaxe":3,"minecraft:birch_planks":309,"minecraft:oak_log":6,"minecraft:gunpowder":2,"minecraft:dirt":28,"minecraft:wooden_sword":3,"minecraft:cooked_mutton":1,"minecraft:bone":1,"minecraft:rotten_flesh":2,"minecraft:bow":1,"minecraft:wheat_seeds":2,"minecraft:sugar_cane":16,"minecraft:birch_sapling":29,"minecraft:mutton":2},"minecraft:mined":{"minecraft:birch_log":6,"minecraft:birch_leaves":4},"minecraft:killed_by":{"minecraft:player":1,"minecraft:skeleton":1},"minecraft:custom":{"minecraft:time_since_rest":1367,"minecraft:sprint_one_cm":38206,"minecraft:interact_with_furnace":4,"minecraft:damage_taken":811,"minecraft:walk_one_cm":29094,"minecraft:mob_kills":2,"minecraft:damage_dealt":552,"minecraft:swim_one_cm":5659,"minecraft:interact_with_crafting_table":2,"minecraft:player_kills":1,"minecraft:fly_one_cm":14297,"minecraft:open_chest":5,"minecraft:play_time":8573,"minecraft:deaths":2,"minecraft:sneak_time":4,"minecraft:walk_under_water_one_cm":599,"minecraft:jump":113,"minecraft:time_since_death":1338,"minecraft:walk_on_water_one_cm":1814,"minecraft:total_world_time":8573,"minecraft:fall_one_cm":1730},"minecraft:killed":{"minecraft:skeleton":1,"minecraft:spider":1},"minecraft:crafted":{"minecraft:wooden_sword":2,"minecraft:stick":4,"minecraft:wooden_pickaxe":1,"minecraft:wooden_axe":1,"minecraft:birch_planks":264,"minecraft:cooked_mutton":2,"minecraft:air":0}},"DataVersion":3953}