{"stats":{"minecraft:used":{"minecraft:stone_sword":138,"minecraft:stone_shovel":290,"minecraft:dried_kelp":41,"minecraft:chest":2,"minecraft:shield":17,"minecraft:iron_sword":36,"minecraft:cooked_chicken":2,"minecraft:torch":7,"minecraft:dirt":142,"minecraft:carrot":9,"minecraft:wooden_axe":7,"minecraft:birch_sapling":3,"minecraft:iron_helmet":1,"minecraft:bow":13,"minecraft:furnace":2,"minecraft:cooked_cod":1,"minecraft:cooked_beef":9,"minecraft:dark_oak_stairs":8,"minecraft:wheat_seeds":6,"minecraft:cooked_mutton":7,"minecraft:birch_planks":33,"minecraft:stone_pickaxe":203,"minecraft:leather_chestplate":1,"minecraft:wooden_pickaxe":91,"minecraft:birch_boat":3,"minecraft:white_wool":1,"minecraft:sand":12,"minecraft:crafting_table":5,"minecraft:white_bed":6,"minecraft:apple":1,"minecraft:dark_oak_log":30,"minecraft:bread":1,"minecraft:iron_pickaxe":18,"minecraft:stone_axe":159,"minecraft:wooden_sword":20,"minecraft:cobblestone":11,"minecraft:dark_oak_fence":10,"minecraft:birch_log":1},"minecraft:picked_up":{"minecraft:wooden_axe":1,"minecraft:crafting_table":1,"minecraft:seagrass":1,"minecraft:iron_chestplate":1,"minecraft:birch_door":1,"minecraft:chicken":3,"minecraft:brown_mushroom":4,"minecraft:wooden_pickaxe":5,"minecraft:shield":2,"minecraft:string":1,"minecraft:wooden_sword":11,"minecraft:iron_leggings":1,"minecraft:cobbled_deepslate":7,"minecraft:beef":19,"minecraft:rose_bush":1,"minecraft:iron_nugget":6,"minecraft:sugar_cane":25,"minecraft:birch_sapling":48,"minecraft:furnace":1,"minecraft:iron_boots":1,"minecraft:egg":7,"minecraft:dark_oak_sapling":5,"minecraft:raw_iron":41,"minecraft:stick":36,"minecraft:sandstone":2,"minecraft:torch":3,"minecraft:bowl":2,"minecraft:porkchop":3,"minecraft:dried_kelp":9,"minecraft:diorite":26,"minecraft:carrot":13,"minecraft:redstone":41,"minecraft:dark_oak_planks":54,"minecraft:stone_sword":10,"minecraft:arrow":21,"minecraft:rotten_flesh":22,"minecraft:cooked_cod":6,"minecraft:mutton":20,"minecraft:cod":1,"minecraft:white_wool":18,"minecraft:cobblestone":218,"minecraft:birch_log":45,"minecraft:leather_chestplate":1,"minecraft:feather":2,"minecraft:cooked_beef":2,"minecraft:birch_slab":5,"minecraft:andesite":10,"minecraft:leather":13,"minecraft:birch_planks":360,"minecraft:red_mushroom":14,"minecraft:filled_map":1,"minecraft:tuff":1,"minecraft:lily_pad":41,"minecraft:oak_log":6,"minecraft:waxed_copper_block":3,"minecraft:gunpowder":2,"minecraft:lapis_lazuli":27,"minecraft:dirt":274,"minecraft:cooked_mutton":5,"minecraft:bone":34,"minecraft:apple":1,"minecraft:kelp":52,"minecraft:bow":11,"minecraft:wheat_seeds":13,"minecraft:stone_pickaxe":2,"minecraft:mossy_stone_bricks":1,"minecraft:iron_sword":1,"minecraft:birch_boat":3,"minecraft:gravel":36,"minecraft:sand":94,"minecraft:white_bed":4,"minecraft:dark_oak_log":169,"minecraft:spider_eye":6,"minecraft:slime_ball":7,"minecraft:iron_helmet":3,"minecraft:bread":2,"minecraft:dark_oak_fence":1,"minecraft:coal":36},"minecraft:broken":{"minecraft:wooden_pickaxe":1,"minecraft:stone_pickaxe":1,"minecraft:iron_helmet":1,"minecraft:stone_shovel":1},"minecraft:mined":{"minecraft:tuff":1,"minecraft:white_bed":4,"minecraft:dark_oak_leaves":8,"minecraft:dark_oak_log":121,"minecraft:dark_oak_fence":1,"minecraft:grass_block":88,"minecraft:sandstone":40,"minecraft:redstone_ore":1,"minecraft:furnace":1,"minecraft:iron_ore":27,"minecraft:andesite":6,"minecraft:stone":171,"minecraft:deepslate_redstone_ore":8,"minecraft:brown_mushroom":5,"minecraft:kelp_plant":3,"minecraft:crafting_table":1,"minecraft:torch":1,"minecraft:short_grass":61,"minecraft:lapis_ore":4,"minecraft:sugar_cane":4,"minecraft:diorite":3,"minecraft:birch_log":7,"minecraft:wheat":1,"minecraft:birch_leaves":5,"minecraft:coal_ore":31,"minecraft:gravel":13,"minecraft:sand":131,"minecraft:dirt":162,"minecraft:red_mushroom_block":39,"minecraft:mossy_stone_bricks":1,"minecraft:oak_leaves":1,"minecraft:suspicious_gravel":1},"minecraft:dropped":{"minecraft:iron_sword":1,"minecraft:iron_helmet":1,"minecraft:birch_slab":5,"minecraft:dark_oak_log":49,"minecraft:diorite":22,"minecraft:cooked_cod":6,"minecraft:dried_kelp":7,"minecraft:wooden_sword":4,"minecraft:sand":64,"minecraft:birch_log":3,"minecraft:lily_pad":15,"minecraft:white_wool":3,"minecraft:gravel":12,"minecraft:kelp":5,"minecraft:cooked_chicken":2,"minecraft:rotten_flesh":6,"minecraft:waxed_copper_block":3,"minecraft:filled_map":2,"minecraft:iron_chestplate":1,"minecraft:mossy_stone_bricks":1,"minecraft:spider_eye":3,"minecraft:bow":2,"minecraft:egg":2},"minecraft:killed_by":{"minecraft:player":2,"minecraft:skeleton":9,"minecraft:zombie":3},"minecraft:custom":{"minecraft:mob_kills":61,"minecraft:interact_with_crafting_table":39,"minecraft:time_since_death":16066,"minecraft:climb_one_cm":1271,"minecraft:sprint_one_cm":319375,"minecraft:walk_one_cm":500055,"minecraft:damage_blocked_by_shield":723,"minecraft:drop":37,"minecraft:talked_to_villager":2,"minecraft:play_time":170573,"minecraft:deaths":14,"minecraft:sneak_time":4261,"minecraft:walk_under_water_one_cm":80093,"minecraft:boat_one_cm":720129,"minecraft:jump":1620,"minecraft:walk_on_water_one_cm":63886,"minecraft:total_world_time":170573,"minecraft:interact_with_furnace":82,"minecraft:sleep_in_bed":5,"minecraft:time_since_rest":12685,"minecraft:damage_taken":5446,"minecraft:damage_dealt":7576,"minecraft:swim_one_cm":54000,"minecraft:fly_one_cm":147568,"minecraft:player_kills":2,"minecraft:open_chest":82,"minecraft:crouch_one_cm":12197,"minecraft:fall_one_cm":22273},"minecraft:killed":{"minecraft:spider":3,"minecraft:cod":1,"minecraft:slime":10,"minecraft:skeleton":10,"minecraft:chicken":3,"minecraft:drowned":1,"minecraft:skeleton_horse":2,"minecraft:pig":2,"minecraft:creeper":1,"minecraft:sheep":11,"minecraft:zombie":8,"minecraft:cow":9},"minecraft:crafted":{"minecraft:wooden_sword":2,"minecraft:stone_shovel":3,"minecraft:birch_boat":1,"minecraft:cooked_chicken":4,"minecraft:furnace":1,"minecraft:cooked_mutton":4,"minecraft:dark_oak_fence":9,"minecraft:stone_pickaxe":2,"minecraft:chest":2,"minecraft:dark_oak_planks":91,"minecraft:cooked_beef":17,"minecraft:cooked_cod":1,"minecraft:cooked_porkchop":14,"minecraft:dark_oak_stairs":12,"minecraft:crafting_table":4,"minecraft:dried_kelp":52,"minecraft:wooden_pickaxe":2,"minecraft:iron_sword":1,"minecraft:birch_planks":264,"minecraft:stone_axe":2,"minecraft:air":0,"minecraft:iron_chestplate":1,"minecraft:shield":1,"minecraft:stick":32,"minecraft:leather_chestplate":1,"minecraft:iron_pickaxe":1,"minecraft:iron_ingot":43,"minecraft:wooden_axe":1,"minecraft:stone_sword":1,"minecraft:white_bed":2,"minecraft:torch":8}},"DataVersion":3953}