{"stats":{"minecraft:used":{"minecraft:stone_sword":88,"minecraft:dried_kelp":39,"minecraft:shield":15,"minecraft:iron_sword":36,"minecraft:cooked_chicken":2,"minecraft:torch":1,"minecraft:dirt":6,"minecraft:carrot":9,"minecraft:wooden_axe":7,"minecraft:birch_sapling":3,"minecraft:iron_helmet":1,"minecraft:bow":9,"minecraft:furnace":1,"minecraft:cooked_cod":1,"minecraft:cooked_beef":3,"minecraft:wheat_seeds":6,"minecraft:cooked_mutton":4,"minecraft:birch_planks":33,"minecraft:stone_pickaxe":131,"minecraft:wooden_pickaxe":91,"minecraft:birch_boat":1,"minecraft:crafting_table":1,"minecraft:white_bed":4,"minecraft:bread":1,"minecraft:iron_pickaxe":18,"minecraft:stone_axe":59,"minecraft:wooden_sword":20,"minecraft:cobblestone":11,"minecraft:birch_log":1},"minecraft:picked_up":{"minecraft:wooden_axe":1,"minecraft:crafting_table":1,"minecraft:seagrass":1,"minecraft:iron_chestplate":1,"minecraft:birch_door":1,"minecraft:chicken":3,"minecraft:brown_mushroom":4,"minecraft:wooden_pickaxe":5,"minecraft:shield":1,"minecraft:wooden_sword":11,"minecraft:iron_leggings":1,"minecraft:cobbled_deepslate":7,"minecraft:beef":19,"minecraft:rose_bush":1,"minecraft:iron_nugget":6,"minecraft:sugar_cane":17,"minecraft:birch_sapling":48,"minecraft:furnace":1,"minecraft:iron_boots":1,"minecraft:egg":4,"minecraft:raw_iron":36,"minecraft:stick":25,"minecraft:torch":3,"minecraft:bowl":2,"minecraft:porkchop":3,"minecraft:dried_kelp":9,"minecraft:diorite":26,"minecraft:carrot":13,"minecraft:redstone":41,"minecraft:stone_sword":9,"minecraft:arrow":21,"minecraft:rotten_flesh":15,"minecraft:mutton":10,"minecraft:cod":1,"minecraft:white_wool":7,"minecraft:cobblestone":183,"minecraft:birch_log":45,"minecraft:feather":2,"minecraft:cooked_beef":2,"minecraft:birch_slab":5,"minecraft:andesite":10,"minecraft:leather":13,"minecraft:birch_planks":360,"minecraft:red_mushroom":14,"minecraft:filled_map":1,"minecraft:tuff":1,"minecraft:lily_pad":27,"minecraft:oak_log":6,"minecraft:waxed_copper_block":3,"minecraft:gunpowder":2,"minecraft:lapis_lazuli":27,"minecraft:dirt":63,"minecraft:cooked_mutton":4,"minecraft:bone":34,"minecraft:kelp":52,"minecraft:bow":11,"minecraft:wheat_seeds":13,"minecraft:stone_pickaxe":1,"minecraft:iron_sword":1,"minecraft:birch_boat":1,"minecraft:gravel":36,"minecraft:sand":13,"minecraft:white_bed":4,"minecraft:dark_oak_log":33,"minecraft:spider_eye":4,"minecraft:iron_helmet":3,"minecraft:bread":2,"minecraft:coal":26},"minecraft:broken":{"minecraft:wooden_pickaxe":1,"minecraft:stone_pickaxe":1},"minecraft:mined":{"minecraft:tuff":1,"minecraft:white_bed":4,"minecraft:dark_oak_log":33,"minecraft:grass_block":7,"minecraft:redstone_ore":1,"minecraft:furnace":1,"minecraft:iron_ore":22,"minecraft:andesite":6,"minecraft:stone":156,"minecraft:deepslate_redstone_ore":8,"minecraft:brown_mushroom":4,"minecraft:kelp_plant":3,"minecraft:crafting_table":1,"minecraft:torch":1,"minecraft:short_grass":61,"minecraft:lapis_ore":4,"minecraft:sugar_cane":1,"minecraft:diorite":3,"minecraft:birch_log":7,"minecraft:wheat":1,"minecraft:birch_leaves":5,"minecraft:coal_ore":21,"minecraft:gravel":13,"minecraft:dirt":23,"minecraft:red_mushroom_block":39},"minecraft:dropped":{"minecraft:iron_sword":1,"minecraft:iron_helmet":1,"minecraft:birch_slab":5,"minecraft:diorite":22,"minecraft:dried_kelp":7,"minecraft:wooden_sword":4,"minecraft:birch_log":3,"minecraft:white_wool":1,"minecraft:gravel":12,"minecraft:cooked_chicken":2,"minecraft:rotten_flesh":4,"minecraft:waxed_copper_block":3,"minecraft:iron_chestplate":1,"minecraft:spider_eye":2,"minecraft:bow":2},"minecraft:killed_by":{"minecraft:player":2,"minecraft:skeleton":9,"minecraft:zombie":2},"minecraft:custom":{"minecraft:mob_kills":40,"minecraft:interact_with_crafting_table":18,"minecraft:time_since_death":33312,"minecraft:climb_one_cm":1149,"minecraft:sprint_one_cm":270441,"minecraft:walk_one_cm":351518,"minecraft:damage_blocked_by_shield":625,"minecraft:drop":21,"minecraft:talked_to_villager":2,"minecraft:play_time":98573,"minecraft:deaths":13,"minecraft:sneak_time":476,"minecraft:walk_under_water_one_cm":20624,"minecraft:boat_one_cm":263227,"minecraft:jump":1196,"minecraft:walk_on_water_one_cm":36758,"minecraft:total_world_time":98573,"minecraft:interact_with_furnace":76,"minecraft:sleep_in_bed":1,"minecraft:time_since_rest":19568,"minecraft:damage_taken":4472,"minecraft:damage_dealt":5778,"minecraft:swim_one_cm":22121,"minecraft:fly_one_cm":111252,"minecraft:player_kills":2,"minecraft:open_chest":65,"minecraft:crouch_one_cm":815,"minecraft:fall_one_cm":18073},"minecraft:killed":{"minecraft:spider":2,"minecraft:cod":1,"minecraft:skeleton":10,"minecraft:chicken":3,"minecraft:skeleton_horse":2,"minecraft:pig":2,"minecraft:creeper":1,"minecraft:sheep":5,"minecraft:zombie":5,"minecraft:cow":9},"minecraft:crafted":{"minecraft:wooden_sword":2,"minecraft:birch_boat":1,"minecraft:cooked_chicken":4,"minecraft:furnace":1,"minecraft:cooked_mutton":4,"minecraft:stone_pickaxe":2,"minecraft:dark_oak_planks":22,"minecraft:cooked_beef":12,"minecraft:cooked_cod":1,"minecraft:cooked_porkchop":14,"minecraft:crafting_table":1,"minecraft:dried_kelp":52,"minecraft:wooden_pickaxe":2,"minecraft:iron_sword":1,"minecraft:birch_planks":264,"minecraft:stone_axe":1,"minecraft:air":0,"minecraft:iron_chestplate":1,"minecraft:stick":32,"minecraft:iron_pickaxe":1,"minecraft:iron_ingot":43,"minecraft:wooden_axe":1,"minecraft:stone_sword":1}},"DataVersion":3953}