{"stats":{"minecraft:used":{"minecraft:cooked_mutton":2,"minecraft:wooden_axe":7,"minecraft:stone_sword":8,"minecraft:stone_pickaxe":129,"minecraft:wooden_pickaxe":32,"minecraft:wooden_sword":20,"minecraft:dirt":1,"minecraft:cobblestone":10,"minecraft:cooked_beef":1},"minecraft:picked_up":{"minecraft:wooden_axe":1,"minecraft:birch_log":41,"minecraft:raw_iron":30,"minecraft:stick":25,"minecraft:cooked_beef":1,"minecraft:andesite":10,"minecraft:wooden_pickaxe":5,"minecraft:birch_planks":309,"minecraft:oak_log":6,"minecraft:diorite":2,"minecraft:gunpowder":2,"minecraft:lapis_lazuli":27,"minecraft:dirt":30,"minecraft:wooden_sword":5,"minecraft:cooked_mutton":1,"minecraft:stone_sword":1,"minecraft:bone":2,"minecraft:rotten_flesh":2,"minecraft:bow":3,"minecraft:wheat_seeds":4,"minecraft:stone_pickaxe":1,"minecraft:sugar_cane":16,"minecraft:birch_sapling":45,"minecraft:mutton":2,"minecraft:cobblestone":159},"minecraft:mined":{"minecraft:iron_ore":16,"minecraft:birch_log":6,"minecraft:andesite":6,"minecraft:birch_leaves":5,"minecraft:short_grass":4,"minecraft:lapis_ore":4,"minecraft:stone":132,"minecraft:diorite":2},"minecraft:killed_by":{"minecraft:player":1,"minecraft:skeleton":2,"minecraft:zombie":1},"minecraft:custom":{"minecraft:time_since_rest":3327,"minecraft:sprint_one_cm":75624,"minecraft:interact_with_furnace":4,"minecraft:damage_taken":1471,"minecraft:walk_one_cm":59105,"minecraft:mob_kills":2,"minecraft:damage_dealt":734,"minecraft:swim_one_cm":7300,"minecraft:interact_with_crafting_table":4,"minecraft:player_kills":1,"minecraft:fly_one_cm":31026,"minecraft:open_chest":10,"minecraft:crouch_one_cm":51,"minecraft:play_time":20573,"minecraft:deaths":4,"minecraft:sneak_time":30,"minecraft:walk_under_water_one_cm":826,"minecraft:jump":240,"minecraft:time_since_death":3304,"minecraft:walk_on_water_one_cm":2605,"minecraft:climb_one_cm":566,"minecraft:total_world_time":20573,"minecraft:fall_one_cm":5799},"minecraft:killed":{"minecraft:skeleton":1,"minecraft:spider":1},"minecraft:crafted":{"minecraft:wooden_sword":2,"minecraft:stick":8,"minecraft:wooden_pickaxe":1,"minecraft:stone_pickaxe":1,"minecraft:wooden_axe":1,"minecraft:stone_sword":1,"minecraft:birch_planks":264,"minecraft:cooked_mutton":2,"minecraft:air":0}},"DataVersion":3953}