{"stats":{"minecraft:used":{"minecraft:cooked_mutton":2,"minecraft:wooden_axe":7,"minecraft:stone_sword":20,"minecraft:stone_pickaxe":130,"minecraft:iron_sword":5,"minecraft:wooden_pickaxe":32,"minecraft:wooden_sword":20,"minecraft:dirt":1,"minecraft:cobblestone":10,"minecraft:cooked_beef":2},"minecraft:picked_up":{"minecraft:wooden_axe":1,"minecraft:birch_log":41,"minecraft:raw_iron":30,"minecraft:stick":25,"minecraft:cooked_beef":2,"minecraft:chicken":3,"minecraft:andesite":10,"minecraft:wooden_pickaxe":5,"minecraft:birch_planks":309,"minecraft:oak_log":6,"minecraft:diorite":3,"minecraft:shield":1,"minecraft:gunpowder":2,"minecraft:lapis_lazuli":27,"minecraft:dirt":30,"minecraft:wooden_sword":5,"minecraft:cooked_mutton":1,"minecraft:stone_sword":1,"minecraft:bone":2,"minecraft:rotten_flesh":3,"minecraft:bow":3,"minecraft:wheat_seeds":8,"minecraft:beef":1,"minecraft:stone_pickaxe":1,"minecraft:sugar_cane":16,"minecraft:birch_sapling":45,"minecraft:mutton":4,"minecraft:feather":2,"minecraft:egg":4,"minecraft:cobblestone":159},"minecraft:broken":{"minecraft:stone_pickaxe":1},"minecraft:mined":{"minecraft:iron_ore":16,"minecraft:birch_log":6,"minecraft:andesite":6,"minecraft:birch_leaves":5,"minecraft:short_grass":46,"minecraft:lapis_ore":4,"minecraft:stone":132,"minecraft:diorite":3},"minecraft:killed_by":{"minecraft:player":1,"minecraft:skeleton":2,"minecraft:zombie":1},"minecraft:custom":{"minecraft:time_since_rest":15327,"minecraft:sprint_one_cm":120090,"minecraft:interact_with_furnace":36,"minecraft:damage_taken":1471,"minecraft:walk_one_cm":102084,"minecraft:mob_kills":7,"minecraft:damage_dealt":1178,"minecraft:swim_one_cm":7300,"minecraft:interact_with_crafting_table":8,"minecraft:player_kills":1,"minecraft:fly_one_cm":53054,"minecraft:open_chest":23,"minecraft:crouch_one_cm":174,"minecraft:play_time":32573,"minecraft:deaths":4,"minecraft:sneak_time":69,"minecraft:walk_under_water_one_cm":826,"minecraft:jump":428,"minecraft:time_since_death":15304,"minecraft:walk_on_water_one_cm":7378,"minecraft:climb_one_cm":784,"minecraft:total_world_time":32573,"minecraft:fall_one_cm":8007},"minecraft:killed":{"minecraft:skeleton":1,"minecraft:chicken":3,"minecraft:spider":1,"minecraft:sheep":1,"minecraft:cow":1},"minecraft:crafted":{"minecraft:wooden_sword":2,"minecraft:iron_chestplate":1,"minecraft:dried_kelp":27,"minecraft:stick":12,"minecraft:cooked_chicken":3,"minecraft:iron_pickaxe":1,"minecraft:iron_ingot":41,"minecraft:wooden_pickaxe":1,"minecraft:stone_pickaxe":1,"minecraft:wooden_axe":1,"minecraft:iron_sword":1,"minecraft:stone_sword":1,"minecraft:birch_planks":264,"minecraft:cooked_mutton":4,"minecraft:air":0}},"DataVersion":3953}