{"stats":{"minecraft:used":{"minecraft:wheat_seeds":5,"minecraft:cooked_mutton":4,"minecraft:stone_sword":20,"minecraft:stone_pickaxe":130,"minecraft:dried_kelp":14,"minecraft:shield":15,"minecraft:wooden_pickaxe":32,"minecraft:iron_sword":36,"minecraft:cooked_chicken":1,"minecraft:dirt":1,"minecraft:wooden_axe":7,"minecraft:birch_sapling":3,"minecraft:iron_pickaxe":18,"minecraft:wooden_sword":20,"minecraft:cobblestone":11,"minecraft:cooked_beef":2},"minecraft:picked_up":{"minecraft:wooden_axe":1,"minecraft:birch_log":41,"minecraft:feather":2,"minecraft:cooked_beef":2,"minecraft:chicken":3,"minecraft:andesite":10,"minecraft:wooden_pickaxe":5,"minecraft:birch_planks":309,"minecraft:tuff":1,"minecraft:oak_log":6,"minecraft:shield":1,"minecraft:gunpowder":2,"minecraft:lapis_lazuli":27,"minecraft:dirt":31,"minecraft:wooden_sword":5,"minecraft:iron_leggings":1,"minecraft:cooked_mutton":1,"minecraft:bone":7,"minecraft:bow":3,"minecraft:wheat_seeds":9,"minecraft:cobbled_deepslate":7,"minecraft:beef":1,"minecraft:stone_pickaxe":1,"minecraft:sugar_cane":16,"minecraft:birch_sapling":48,"minecraft:iron_boots":1,"minecraft:egg":4,"minecraft:stick":25,"minecraft:raw_iron":36,"minecraft:dried_kelp":7,"minecraft:diorite":4,"minecraft:redstone":41,"minecraft:stone_sword":1,"minecraft:arrow":5,"minecraft:rotten_flesh":7,"minecraft:mutton":4,"minecraft:cobblestone":162},"minecraft:mined":{"minecraft:deepslate_redstone_ore":8,"minecraft:tuff":1,"minecraft:short_grass":46,"minecraft:lapis_ore":4,"minecraft:diorite":3,"minecraft:redstone_ore":1,"minecraft:birch_log":6,"minecraft:iron_ore":22,"minecraft:birch_leaves":5,"minecraft:andesite":6,"minecraft:stone":134},"minecraft:broken":{"minecraft:stone_pickaxe":1},"minecraft:dropped":{"minecraft:cooked_chicken":2,"minecraft:dried_kelp":7},"minecraft:killed_by":{"minecraft:player":1,"minecraft:skeleton":3,"minecraft:zombie":1},"minecraft:custom":{"minecraft:interact_with_furnace":39,"minecraft:mob_kills":14,"minecraft:interact_with_crafting_table":10,"minecraft:time_since_death":547,"minecraft:climb_one_cm":784,"minecraft:time_since_rest":583,"minecraft:sprint_one_cm":144091,"minecraft:damage_taken":1940,"minecraft:walk_one_cm":171262,"minecraft:damage_blocked_by_shield":625,"minecraft:drop":3,"minecraft:damage_dealt":2659,"minecraft:swim_one_cm":7300,"minecraft:fly_one_cm":61263,"minecraft:player_kills":1,"minecraft:open_chest":26,"minecraft:crouch_one_cm":715,"minecraft:play_time":44573,"minecraft:deaths":5,"minecraft:sneak_time":202,"minecraft:walk_under_water_one_cm":826,"minecraft:jump":571,"minecraft:walk_on_water_one_cm":9837,"minecraft:total_world_time":44573,"minecraft:fall_one_cm":9236},"minecraft:killed":{"minecraft:spider":1,"minecraft:sheep":1,"minecraft:skeleton":5,"minecraft:zombie":3,"minecraft:chicken":3,"minecraft:cow":1},"minecraft:crafted":{"minecraft:wooden_sword":2,"minecraft:dried_kelp":46,"minecraft:wooden_pickaxe":1,"minecraft:cooked_chicken":3,"minecraft:iron_sword":1,"minecraft:birch_planks":264,"minecraft:cooked_mutton":4,"minecraft:air":0,"minecraft:iron_chestplate":1,"minecraft:stick":12,"minecraft:iron_ingot":41,"minecraft:iron_pickaxe":1,"minecraft:stone_pickaxe":1,"minecraft:wooden_axe":1,"minecraft:stone_sword":1}},"DataVersion":3953}