{"stats":{"minecraft:used":{"minecraft:stone_sword":138,"minecraft:stone_shovel":307,"minecraft:dried_kelp":41,"minecraft:chest":2,"minecraft:shield":30,"minecraft:stone":1,"minecraft:iron_sword":39,"minecraft:cooked_salmon":1,"minecraft:cooked_chicken":2,"minecraft:torch":7,"minecraft:dirt":154,"minecraft:carrot":9,"minecraft:polished_diorite":3,"minecraft:wooden_axe":7,"minecraft:birch_sapling":3,"minecraft:iron_helmet":1,"minecraft:bow":13,"minecraft:furnace":2,"minecraft:cooked_cod":1,"minecraft:polished_diorite_stairs":1,"minecraft:stone_pressure_plate":11,"minecraft:cooked_beef":9,"minecraft:cobbled_deepslate":1,"minecraft:dark_oak_stairs":8,"minecraft:wheat_seeds":6,"minecraft:cooked_mutton":7,"minecraft:birch_planks":33,"minecraft:stone_pickaxe":261,"minecraft:leather_chestplate":1,"minecraft:wooden_pickaxe":107,"minecraft:birch_boat":8,"minecraft:white_wool":1,"minecraft:sand":13,"minecraft:tnt":3,"minecraft:crafting_table":5,"minecraft:white_bed":14,"minecraft:apple":1,"minecraft:dark_oak_log":34,"minecraft:bread":1,"minecraft:iron_pickaxe":18,"minecraft:stone_axe":159,"minecraft:fishing_rod":6,"minecraft:wooden_sword":20,"minecraft:cobblestone":15,"minecraft:dark_oak_fence":10,"minecraft:birch_log":1},"minecraft:picked_up":{"minecraft:wooden_axe":1,"minecraft:crafting_table":1,"minecraft:seagrass":1,"minecraft:iron_chestplate":1,"minecraft:birch_door":4,"minecraft:chicken":4,"minecraft:brown_mushroom":4,"minecraft:wooden_pickaxe":6,"minecraft:shield":2,"minecraft:string":1,"minecraft:wooden_sword":11,"minecraft:iron_leggings":1,"minecraft:cobbled_deepslate":8,"minecraft:beef":19,"minecraft:rose_bush":1,"minecraft:iron_nugget":6,"minecraft:sugar_cane":27,"minecraft:birch_sapling":48,"minecraft:furnace":1,"minecraft:iron_boots":1,"minecraft:egg":7,"minecraft:dark_oak_sapling":5,"minecraft:raw_iron":41,"minecraft:stick":36,"minecraft:sandstone":2,"minecraft:torch":3,"minecraft:bowl":2,"minecraft:porkchop":3,"minecraft:dried_kelp":9,"minecraft:diorite":43,"minecraft:carrot":31,"minecraft:redstone":41,"minecraft:stone_pressure_plate":7,"minecraft:dark_oak_planks":54,"minecraft:tnt":3,"minecraft:stone_sword":10,"minecraft:arrow":21,"minecraft:rotten_flesh":22,"minecraft:cooked_cod":6,"minecraft:mutton":20,"minecraft:cod":3,"minecraft:white_wool":18,"minecraft:cobblestone":255,"minecraft:polished_diorite_slab":1,"minecraft:birch_log":45,"minecraft:leather_chestplate":1,"minecraft:feather":2,"minecraft:cooked_beef":2,"minecraft:birch_slab":5,"minecraft:andesite":10,"minecraft:leather":15,"minecraft:birch_planks":360,"minecraft:red_mushroom":14,"minecraft:filled_map":1,"minecraft:tuff":1,"minecraft:lily_pad":67,"minecraft:oak_log":6,"minecraft:waxed_copper_block":3,"minecraft:nether_wart_block":1,"minecraft:gunpowder":14,"minecraft:lapis_lazuli":27,"minecraft:dirt":315,"minecraft:cooked_mutton":5,"minecraft:bone":34,"minecraft:apple":1,"minecraft:kelp":52,"minecraft:bow":11,"minecraft:wheat_seeds":13,"minecraft:stone_pickaxe":2,"minecraft:mossy_stone_bricks":1,"minecraft:iron_sword":1,"minecraft:birch_boat":9,"minecraft:quartz":8,"minecraft:gravel":38,"minecraft:sand":159,"minecraft:white_bed":13,"minecraft:dark_oak_log":171,"minecraft:spider_eye":6,"minecraft:polished_diorite_stairs":1,"minecraft:slime_ball":7,"minecraft:polished_diorite":3,"minecraft:iron_helmet":3,"minecraft:bread":2,"minecraft:dark_oak_fence":1,"minecraft:coal":36},"minecraft:broken":{"minecraft:wooden_pickaxe":1,"minecraft:stone_pickaxe":2,"minecraft:iron_helmet":1,"minecraft:stone_shovel":1},"minecraft:mined":{"minecraft:tuff":1,"minecraft:stone_pressure_plate":1,"minecraft:white_bed":12,"minecraft:dark_oak_leaves":8,"minecraft:dark_oak_log":121,"minecraft:dark_oak_fence":1,"minecraft:grass_block":88,"minecraft:polished_diorite":2,"minecraft:sandstone":40,"minecraft:redstone_ore":1,"minecraft:furnace":1,"minecraft:carrots":2,"minecraft:cobbled_deepslate":1,"minecraft:iron_ore":27,"minecraft:andesite":6,"minecraft:stone":200,"minecraft:deepslate_redstone_ore":8,"minecraft:brown_mushroom":5,"minecraft:kelp_plant":3,"minecraft:crafting_table":1,"minecraft:torch":1,"minecraft:short_grass":61,"minecraft:polished_diorite_slab":1,"minecraft:nether_quartz_ore":8,"minecraft:cobblestone":4,"minecraft:lily_pad":3,"minecraft:lapis_ore":4,"minecraft:sugar_cane":5,"minecraft:diorite":21,"minecraft:polished_diorite_stairs":2,"minecraft:nether_wart_block":1,"minecraft:birch_log":7,"minecraft:wheat":1,"minecraft:birch_leaves":5,"minecraft:tnt":2,"minecraft:coal_ore":31,"minecraft:gravel":15,"minecraft:sand":132,"minecraft:dirt":194,"minecraft:red_mushroom_block":39,"minecraft:mossy_stone_bricks":1,"minecraft:oak_leaves":1,"minecraft:suspicious_gravel":1},"minecraft:dropped":{"minecraft:iron_sword":1,"minecraft:iron_helmet":1,"minecraft:leather":1,"minecraft:birch_slab":5,"minecraft:dark_oak_log":49,"minecraft:diorite":22,"minecraft:cooked_cod":6,"minecraft:dried_kelp":7,"minecraft:wooden_sword":4,"minecraft:sand":64,"minecraft:dark_oak_planks":3,"minecraft:birch_log":3,"minecraft:lily_pad":19,"minecraft:white_wool":6,"minecraft:gravel":12,"minecraft:kelp":5,"minecraft:cooked_chicken":2,"minecraft:rotten_flesh":6,"minecraft:waxed_copper_block":3,"minecraft:carrot":2,"minecraft:filled_map":2,"minecraft:iron_chestplate":1,"minecraft:mossy_stone_bricks":1,"minecraft:spider_eye":3,"minecraft:wooden_pickaxe":1,"minecraft:bow":2,"minecraft:egg":2},"minecraft:killed_by":{"minecraft:player":8,"minecraft:spider":1,"minecraft:skeleton":9,"minecraft:zombie":3},"minecraft:custom":{"minecraft:mob_kills":61,"minecraft:interact_with_crafting_table":48,"minecraft:time_since_death":2046,"minecraft:climb_one_cm":3330,"minecraft:sprint_one_cm":390903,"minecraft:walk_one_cm":732092,"minecraft:damage_blocked_by_shield":1233,"minecraft:drop":48,"minecraft:talked_to_villager":2,"minecraft:play_time":218573,"minecraft:deaths":21,"minecraft:sneak_time":4496,"minecraft:walk_under_water_one_cm":83121,"minecraft:boat_one_cm":780147,"minecraft:jump":2123,"minecraft:walk_on_water_one_cm":79449,"minecraft:total_world_time":218573,"minecraft:interact_with_furnace":115,"minecraft:sleep_in_bed":17,"minecraft:time_since_rest":2073,"minecraft:damage_taken":7290,"minecraft:damage_dealt":7947,"minecraft:swim_one_cm":62195,"minecraft:fly_one_cm":203684,"minecraft:player_kills":2,"minecraft:open_chest":158,"minecraft:crouch_one_cm":12627,"minecraft:fish_caught":2,"minecraft:fall_one_cm":29516},"minecraft:killed":{"minecraft:spider":3,"minecraft:cod":1,"minecraft:slime":10,"minecraft:skeleton":10,"minecraft:chicken":3,"minecraft:drowned":1,"minecraft:skeleton_horse":2,"minecraft:pig":2,"minecraft:creeper":1,"minecraft:sheep":11,"minecraft:zombie":8,"minecraft:cow":9},"minecraft:crafted":{"minecraft:wooden_sword":2,"minecraft:stone_shovel":3,"minecraft:birch_boat":1,"minecraft:cooked_chicken":4,"minecraft:furnace":1,"minecraft:stone":13,"minecraft:cooked_mutton":4,"minecraft:dark_oak_fence":9,"minecraft:stone_pickaxe":2,"minecraft:stone_pressure_plate":7,"minecraft:chest":2,"minecraft:dark_oak_planks":91,"minecraft:cooked_beef":17,"minecraft:cooked_cod":29,"minecraft:cooked_porkchop":14,"minecraft:dark_oak_stairs":12,"minecraft:crafting_table":4,"minecraft:dried_kelp":52,"minecraft:wooden_pickaxe":2,"minecraft:iron_sword":2,"minecraft:cooked_salmon":12,"minecraft:birch_planks":264,"minecraft:stone_axe":2,"minecraft:air":0,"minecraft:tnt":1,"minecraft:iron_chestplate":1,"minecraft:shield":1,"minecraft:stick":52,"minecraft:leather_chestplate":1,"minecraft:iron_pickaxe":2,"minecraft:iron_ingot":97,"minecraft:wooden_axe":1,"minecraft:stone_sword":1,"minecraft:white_bed":2,"minecraft:torch":8}},"DataVersion":3953}