{"stats":{"minecraft:used":{"minecraft:cherry_sapling":3,"minecraft:mossy_stone_bricks":1,"minecraft:stone_sword":4,"minecraft:wooden_pickaxe":23,"minecraft:gravel":1,"minecraft:cracked_stone_bricks":1,"minecraft:torch":2,"minecraft:dirt":50,"minecraft:cobblestone":6,"minecraft:crafting_table":1,"minecraft:furnace":1,"minecraft:carrot":13,"minecraft:andesite":1,"minecraft:white_bed":1,"minecraft:cooked_beef":1,"minecraft:potato":3},"minecraft:picked_up":{"minecraft:birch_log":4,"minecraft:cooked_beef":10,"minecraft:stick":6,"minecraft:wheat":8,"minecraft:leather":11,"minecraft:torch":4,"minecraft:potato":8,"minecraft:gravel":1,"minecraft:carrot":20,"minecraft:dirt":78,"minecraft:stone_sword":1,"minecraft:wheat_seeds":31,"minecraft:beef":10,"minecraft:cherry_sapling":8,"minecraft:mutton":1,"minecraft:white_wool":1,"minecraft:cobblestone":12},"minecraft:mined":{"minecraft:tall_seagrass":1,"minecraft:seagrass":3,"minecraft:white_bed":1,"minecraft:carrots":7,"minecraft:birch_log":4,"minecraft:fire":5,"minecraft:wheat":15,"minecraft:short_grass":10,"minecraft:grass_block":12,"minecraft:potatoes":3,"minecraft:dead_bush":1,"minecraft:dirt":57,"minecraft:gravel":2,"minecraft:sand":3,"minecraft:stone":10,"minecraft:wall_torch":1},"minecraft:dropped":{"minecraft:potato":5,"minecraft:wheat_seeds":28,"minecraft:stone_sword":1,"minecraft:wheat":8,"minecraft:carrot":9},"minecraft:killed_by":{"minecraft:player":63,"minecraft:skeleton":1},"minecraft:custom":{"minecraft:time_since_rest":8564,"minecraft:interact_with_furnace":13,"minecraft:sprint_one_cm":175710,"minecraft:damage_taken":17853,"minecraft:walk_one_cm":186887,"minecraft:mob_kills":7,"minecraft:drop":51,"minecraft:damage_dealt":1193,"minecraft:swim_one_cm":31514,"minecraft:interact_with_crafting_table":6,"minecraft:fly_one_cm":161991,"minecraft:open_chest":10,"minecraft:crouch_one_cm":2424,"minecraft:play_time":48130,"minecraft:deaths":65,"minecraft:sneak_time":1351,"minecraft:walk_under_water_one_cm":46326,"minecraft:boat_one_cm":2582,"minecraft:jump":1028,"minecraft:time_since_death":8535,"minecraft:walk_on_water_one_cm":23208,"minecraft:climb_one_cm":1777,"minecraft:total_world_time":48130,"minecraft:fall_one_cm":19196},"minecraft:killed":{"minecraft:cow":4,"minecraft:sheep":1},"minecraft:crafted":{"minecraft:crafting_table":1,"minecraft:stick":4,"minecraft:wooden_pickaxe":1,"minecraft:stone_sword":1,"minecraft:furnace":1,"minecraft:birch_planks":12,"minecraft:air":0,"minecraft:cooked_beef":1}},"DataVersion":3953}