{"stats":{"minecraft:used":{"minecraft:mossy_stone_bricks":1,"minecraft:gravel":1,"minecraft:cracked_stone_bricks":1,"minecraft:dirt":1,"minecraft:cobblestone":4,"minecraft:carrot":12,"minecraft:andesite":1,"minecraft:potato":3},"minecraft:picked_up":{"minecraft:stick":6,"minecraft:wheat":8,"minecraft:potato":8,"minecraft:gravel":1,"minecraft:carrot":19,"minecraft:dirt":2,"minecraft:stone_sword":1,"minecraft:wheat_seeds":28,"minecraft:cherry_sapling":4},"minecraft:mined":{"minecraft:carrots":5,"minecraft:wheat":14,"minecraft:grass_block":2,"minecraft:potatoes":3,"minecraft:gravel":2,"minecraft:sand":3},"minecraft:dropped":{"minecraft:potato":5,"minecraft:wheat_seeds":28,"minecraft:stone_sword":1,"minecraft:wheat":8,"minecraft:carrot":9},"minecraft:killed_by":{"minecraft:player":11},"minecraft:custom":{"minecraft:time_since_rest":596,"minecraft:interact_with_furnace":8,"minecraft:sprint_one_cm":37006,"minecraft:damage_taken":3170,"minecraft:walk_one_cm":57870,"minecraft:drop":51,"minecraft:damage_dealt":76,"minecraft:interact_with_crafting_table":1,"minecraft:fly_one_cm":29904,"minecraft:open_chest":9,"minecraft:crouch_one_cm":240,"minecraft:play_time":12130,"minecraft:deaths":11,"minecraft:sneak_time":108,"minecraft:walk_under_water_one_cm":2254,"minecraft:boat_one_cm":849,"minecraft:jump":183,"minecraft:time_since_death":571,"minecraft:walk_on_water_one_cm":5467,"minecraft:total_world_time":12130,"minecraft:fall_one_cm":2543}},"DataVersion":3953}