{"stats":{"minecraft:used":{"minecraft:mossy_stone_bricks":1,"minecraft:gravel":1,"minecraft:cracked_stone_bricks":1,"minecraft:torch":2,"minecraft:dirt":25,"minecraft:cobblestone":6,"minecraft:carrot":12,"minecraft:andesite":1,"minecraft:potato":3},"minecraft:picked_up":{"minecraft:cooked_beef":10,"minecraft:stick":6,"minecraft:wheat":8,"minecraft:leather":9,"minecraft:torch":4,"minecraft:potato":8,"minecraft:gravel":1,"minecraft:carrot":19,"minecraft:dirt":47,"minecraft:stone_sword":1,"minecraft:wheat_seeds":29,"minecraft:beef":9,"minecraft:cherry_sapling":4,"minecraft:cobblestone":2},"minecraft:mined":{"minecraft:carrots":5,"minecraft:fire":2,"minecraft:wheat":14,"minecraft:grass_block":7,"minecraft:potatoes":3,"minecraft:dirt":34,"minecraft:gravel":2,"minecraft:sand":3,"minecraft:wall_torch":1},"minecraft:dropped":{"minecraft:potato":5,"minecraft:wheat_seeds":28,"minecraft:stone_sword":1,"minecraft:wheat":8,"minecraft:carrot":9},"minecraft:killed_by":{"minecraft:player":32},"minecraft:custom":{"minecraft:time_since_rest":2407,"minecraft:interact_with_furnace":8,"minecraft:sprint_one_cm":76078,"minecraft:damage_taken":9092,"minecraft:walk_one_cm":111025,"minecraft:mob_kills":5,"minecraft:drop":51,"minecraft:damage_dealt":439,"minecraft:interact_with_crafting_table":1,"minecraft:fly_one_cm":62391,"minecraft:open_chest":9,"minecraft:crouch_one_cm":2039,"minecraft:play_time":24130,"minecraft:deaths":32,"minecraft:sneak_time":1174,"minecraft:walk_under_water_one_cm":2713,"minecraft:boat_one_cm":2582,"minecraft:jump":430,"minecraft:time_since_death":2368,"minecraft:walk_on_water_one_cm":10225,"minecraft:climb_one_cm":856,"minecraft:total_world_time":24130,"minecraft:fall_one_cm":9135},"minecraft:killed":{"minecraft:cow":3}},"DataVersion":3953}