{"stats":{"minecraft:picked_up":{"minecraft:cooked_beef":10,"minecraft:stick":6,"minecraft:wheat":8,"minecraft:leather":9,"minecraft:torch":4,"minecraft:potato":8,"minecraft:gravel":1,"minecraft:carrot":19,"minecraft:dirt":65,"minecraft:stone_sword":1,"minecraft:wheat_seeds":30,"minecraft:beef":9,"minecraft:cherry_sapling":6,"minecraft:cobblestone":2},"minecraft:used":{"minecraft:cherry_sapling":1,"minecraft:mossy_stone_bricks":1,"minecraft:gravel":1,"minecraft:cracked_stone_bricks":1,"minecraft:torch":2,"minecraft:dirt":37,"minecraft:cobblestone":6,"minecraft:carrot":12,"minecraft:andesite":1,"minecraft:white_bed":1,"minecraft:potato":3},"minecraft:mined":{"minecraft:tall_seagrass":1,"minecraft:seagrass":3,"minecraft:white_bed":1,"minecraft:carrots":5,"minecraft:fire":5,"minecraft:wheat":14,"minecraft:short_grass":7,"minecraft:grass_block":10,"minecraft:potatoes":3,"minecraft:dead_bush":1,"minecraft:dirt":46,"minecraft:gravel":2,"minecraft:sand":3,"minecraft:wall_torch":1},"minecraft:dropped":{"minecraft:potato":5,"minecraft:wheat_seeds":28,"minecraft:stone_sword":1,"minecraft:wheat":8,"minecraft:carrot":9},"minecraft:killed_by":{"minecraft:player":61,"minecraft:skeleton":1},"minecraft:custom":{"minecraft:time_since_rest":106,"minecraft:interact_with_furnace":8,"minecraft:sprint_one_cm":129675,"minecraft:damage_taken":16808,"minecraft:walk_one_cm":163003,"minecraft:mob_kills":5,"minecraft:drop":51,"minecraft:damage_dealt":985,"minecraft:swim_one_cm":2063,"minecraft:interact_with_crafting_table":1,"minecraft:fly_one_cm":115554,"minecraft:open_chest":10,"minecraft:crouch_one_cm":2424,"minecraft:play_time":36130,"minecraft:deaths":62,"minecraft:sneak_time":1256,"minecraft:walk_under_water_one_cm":4905,"minecraft:boat_one_cm":2582,"minecraft:jump":775,"minecraft:time_since_death":0,"minecraft:walk_on_water_one_cm":17489,"minecraft:climb_one_cm":1490,"minecraft:total_world_time":36130,"minecraft:fall_one_cm":16646},"minecraft:killed":{"minecraft:cow":3}},"DataVersion":3953}