{"stats":{"minecraft:used":{"minecraft:wheat_seeds":12,"minecraft:water_bucket":1,"minecraft:diorite":25,"minecraft:stone_pickaxe":332,"minecraft:chest":6,"minecraft:wooden_pickaxe":6,"minecraft:shield":44,"minecraft:diamond_axe":72,"minecraft:sugar_cane":1,"minecraft:wooden_shovel":18,"minecraft:cooked_chicken":1,"minecraft:torch":121,"minecraft:dirt":18,"minecraft:crafting_table":5,"minecraft:mushroom_stew":2,"minecraft:carrot":10,"minecraft:tuff":7,"minecraft:birch_door":2,"minecraft:wooden_axe":15,"minecraft:diamond_pickaxe":121,"minecraft:iron_pickaxe":251,"minecraft:iron_helmet":1,"minecraft:iron_boots":1,"minecraft:stone_axe":90,"minecraft:bow":1,"minecraft:cobblestone":3,"minecraft:furnace":2,"minecraft:bucket":2,"minecraft:andesite":19,"minecraft:cooked_beef":15,"minecraft:bone_meal":12,"minecraft:iron_leggings":1},"minecraft:picked_up":{"minecraft:birch_log":68,"minecraft:seagrass":1,"minecraft:birch_door":1,"minecraft:crafting_table":2,"minecraft:wheat":4,"minecraft:cooked_beef":9,"minecraft:andesite":41,"minecraft:leather":6,"minecraft:potato":1,"minecraft:birch_planks":8,"minecraft:filled_map":1,"minecraft:mushroom_stew":2,"minecraft:tuff":28,"minecraft:oak_log":5,"minecraft:shield":1,"minecraft:gunpowder":1,"minecraft:lapis_lazuli":248,"minecraft:string":3,"minecraft:dirt":31,"minecraft:raw_copper":4,"minecraft:wooden_sword":2,"minecraft:bone":6,"minecraft:stone_bricks":1,"minecraft:bow":1,"minecraft:wheat_seeds":12,"minecraft:iron_ingot":1,"minecraft:cobbled_deepslate":79,"minecraft:raw_gold":57,"minecraft:beef":4,"minecraft:cooked_chicken":1,"minecraft:rose_bush":1,"minecraft:iron_nugget":6,"minecraft:light_gray_wool":1,"minecraft:sugar_cane":17,"minecraft:chest":1,"minecraft:birch_sapling":4,"minecraft:iron_boots":1,"minecraft:stick":7,"minecraft:raw_iron":104,"minecraft:smooth_basalt":1,"minecraft:torch":5,"minecraft:bowl":2,"minecraft:gravel":3,"minecraft:diorite":78,"minecraft:carrot":10,"minecraft:redstone":68,"minecraft:spider_eye":1,"minecraft:arrow":3,"minecraft:rotten_flesh":17,"minecraft:diamond":18,"minecraft:stone_axe":1,"minecraft:shears":1,"minecraft:granite":1,"minecraft:oak_sapling":1,"minecraft:mutton":18,"minecraft:coal":36,"minecraft:white_wool":11,"minecraft:cobblestone":279},"minecraft:mined":{"minecraft:tuff":27,"minecraft:deepslate_diamond_ore":12,"minecraft:crafting_table":2,"minecraft:torch":2,"minecraft:granite":1,"minecraft:short_grass":1,"minecraft:grass_block":6,"minecraft:cobblestone":5,"minecraft:copper_ore":1,"minecraft:deepslate_gold_ore":30,"minecraft:lapis_ore":12,"minecraft:diorite":58,"minecraft:wall_torch":1,"minecraft:redstone_ore":6,"minecraft:carrots":5,"minecraft:birch_log":68,"minecraft:iron_ore":48,"minecraft:wheat":4,"minecraft:andesite":37,"minecraft:birch_leaves":8,"minecraft:deepslate_lapis_ore":11,"minecraft:coal_ore":11,"minecraft:oak_log":5,"minecraft:deepslate_iron_ore":55,"minecraft:gravel":2,"minecraft:dirt":23,"minecraft:smooth_basalt":1,"minecraft:stone":284,"minecraft:gold_ore":27,"minecraft:oak_leaves":1,"minecraft:deepslate":83},"minecraft:broken":{"minecraft:stone_pickaxe":2,"minecraft:iron_pickaxe":1},"minecraft:dropped":{"minecraft:stone_axe":1,"minecraft:sugar_cane":16,"minecraft:light_gray_wool":1,"minecraft:iron_boots":1,"minecraft:wooden_sword":1},"minecraft:custom":{"minecraft:interact_with_furnace":57,"minecraft:mob_kills":49,"minecraft:interact_with_crafting_table":35,"minecraft:time_since_death":114651,"minecraft:sleep_in_bed":1,"minecraft:climb_one_cm":499,"minecraft:time_since_rest":36912,"minecraft:sprint_one_cm":60474,"minecraft:damage_taken":1575,"minecraft:walk_one_cm":537995,"minecraft:damage_blocked_by_shield":2380,"minecraft:drop":20,"minecraft:damage_dealt":6595,"minecraft:swim_one_cm":4482,"minecraft:talked_to_villager":1,"minecraft:fly_one_cm":37059,"minecraft:open_chest":44,"minecraft:crouch_one_cm":9767,"minecraft:play_time":114651,"minecraft:sneak_time":4216,"minecraft:walk_under_water_one_cm":3006,"minecraft:jump":1137,"minecraft:walk_on_water_one_cm":17811,"minecraft:total_world_time":114651,"minecraft:fall_one_cm":7466},"minecraft:killed":{"minecraft:spider":1,"minecraft:creeper":1,"minecraft:sheep":14,"minecraft:skeleton":8,"minecraft:zombie":19,"minecraft:drowned":1,"minecraft:cow":4},"minecraft:crafted":{"minecraft:cooked_beef":4,"minecraft:oak_planks":20,"minecraft:wooden_shovel":1,"minecraft:diamond_axe":1,"minecraft:crafting_table":3,"minecraft:iron_helmet":1,"minecraft:wooden_pickaxe":1,"minecraft:furnace":2,"minecraft:bone_meal":12,"minecraft:bucket":1,"minecraft:birch_planks":272,"minecraft:stone_axe":1,"minecraft:cooked_mutton":18,"minecraft:air":0,"minecraft:diamond_pickaxe":1,"minecraft:iron_boots":1,"minecraft:iron_chestplate":1,"minecraft:charcoal":3,"minecraft:shield":1,"minecraft:stick":44,"minecraft:iron_ingot":32,"minecraft:iron_pickaxe":1,"minecraft:stone_pickaxe":3,"minecraft:wooden_axe":1,"minecraft:chest":5,"minecraft:iron_leggings":1,"minecraft:birch_door":3,"minecraft:torch":124}},"DataVersion":3953}