{"stats":{"minecraft:used":{"minecraft:stone_pickaxe":153,"minecraft:wooden_pickaxe":6,"minecraft:shield":10,"minecraft:wooden_shovel":18,"minecraft:torch":13,"minecraft:dirt":18,"minecraft:crafting_table":3,"minecraft:mushroom_stew":1,"minecraft:wooden_axe":15,"minecraft:iron_pickaxe":40,"minecraft:iron_boots":1,"minecraft:stone_axe":10,"minecraft:furnace":2,"minecraft:andesite":12,"minecraft:cooked_beef":2},"minecraft:picked_up":{"minecraft:birch_log":13,"minecraft:crafting_table":1,"minecraft:andesite":19,"minecraft:leather":2,"minecraft:filled_map":1,"minecraft:mushroom_stew":2,"minecraft:oak_log":5,"minecraft:lapis_lazuli":29,"minecraft:dirt":30,"minecraft:wooden_sword":1,"minecraft:bone":4,"minecraft:raw_gold":20,"minecraft:beef":2,"minecraft:sugar_cane":16,"minecraft:birch_sapling":1,"minecraft:stick":5,"minecraft:raw_iron":21,"minecraft:torch":1,"minecraft:diorite":41,"minecraft:redstone":27,"minecraft:arrow":1,"minecraft:stone_axe":1,"minecraft:oak_sapling":1,"minecraft:cobblestone":110},"minecraft:mined":{"minecraft:crafting_table":1,"minecraft:torch":1,"minecraft:grass_block":6,"minecraft:lapis_ore":4,"minecraft:diorite":41,"minecraft:redstone_ore":6,"minecraft:birch_log":13,"minecraft:iron_ore":20,"minecraft:andesite":16,"minecraft:birch_leaves":1,"minecraft:oak_log":5,"minecraft:dirt":23,"minecraft:stone":92,"minecraft:gold_ore":20,"minecraft:oak_leaves":1},"minecraft:broken":{"minecraft:stone_pickaxe":1},"minecraft:dropped":{"minecraft:stone_axe":1,"minecraft:sugar_cane":16,"minecraft:wooden_sword":1},"minecraft:custom":{"minecraft:interact_with_furnace":31,"minecraft:mob_kills":3,"minecraft:interact_with_crafting_table":13,"minecraft:time_since_death":24651,"minecraft:climb_one_cm":173,"minecraft:time_since_rest":24651,"minecraft:sprint_one_cm":8200,"minecraft:damage_taken":286,"minecraft:walk_one_cm":105184,"minecraft:damage_blocked_by_shield":585,"minecraft:drop":18,"minecraft:damage_dealt":509,"minecraft:fly_one_cm":5707,"minecraft:open_chest":1,"minecraft:crouch_one_cm":917,"minecraft:play_time":24651,"minecraft:sneak_time":630,"minecraft:jump":240,"minecraft:walk_on_water_one_cm":694,"minecraft:total_world_time":24651,"minecraft:fall_one_cm":1047},"minecraft:killed":{"minecraft:skeleton":2,"minecraft:cow":1},"minecraft:crafted":{"minecraft:cooked_beef":2,"minecraft:oak_planks":20,"minecraft:wooden_shovel":1,"minecraft:crafting_table":3,"minecraft:wooden_pickaxe":1,"minecraft:furnace":2,"minecraft:bucket":1,"minecraft:birch_planks":52,"minecraft:stone_axe":1,"minecraft:air":0,"minecraft:iron_boots":1,"minecraft:iron_chestplate":1,"minecraft:charcoal":3,"minecraft:shield":1,"minecraft:stick":16,"minecraft:iron_ingot":19,"minecraft:iron_pickaxe":1,"minecraft:stone_pickaxe":2,"minecraft:wooden_axe":1,"minecraft:torch":12}},"DataVersion":3953}