{"stats":{"minecraft:used":{"minecraft:wooden_axe":15,"minecraft:stone_pickaxe":131,"minecraft:wooden_pickaxe":6,"minecraft:wooden_shovel":18,"minecraft:stone_axe":7,"minecraft:dirt":7,"minecraft:crafting_table":2,"minecraft:furnace":1,"minecraft:cooked_beef":1},"minecraft:picked_up":{"minecraft:birch_log":13,"minecraft:stick":5,"minecraft:raw_iron":8,"minecraft:crafting_table":1,"minecraft:andesite":14,"minecraft:leather":2,"minecraft:mushroom_stew":2,"minecraft:oak_log":5,"minecraft:diorite":41,"minecraft:dirt":24,"minecraft:wooden_sword":1,"minecraft:bone":2,"minecraft:stone_axe":1,"minecraft:beef":2,"minecraft:oak_sapling":1,"minecraft:sugar_cane":16,"minecraft:birch_sapling":1,"minecraft:cobblestone":90},"minecraft:mined":{"minecraft:iron_ore":7,"minecraft:birch_log":13,"minecraft:birch_leaves":1,"minecraft:andesite":13,"minecraft:crafting_table":1,"minecraft:grass_block":6,"minecraft:oak_log":5,"minecraft:dirt":19,"minecraft:stone":76,"minecraft:diorite":41,"minecraft:oak_leaves":1},"minecraft:broken":{"minecraft:stone_pickaxe":1},"minecraft:dropped":{"minecraft:stone_axe":1,"minecraft:sugar_cane":16,"minecraft:wooden_sword":1},"minecraft:custom":{"minecraft:time_since_rest":12651,"minecraft:interact_with_furnace":20,"minecraft:sprint_one_cm":6641,"minecraft:damage_taken":144,"minecraft:walk_one_cm":40560,"minecraft:mob_kills":2,"minecraft:drop":18,"minecraft:damage_dealt":300,"minecraft:interact_with_crafting_table":6,"minecraft:fly_one_cm":4536,"minecraft:open_chest":1,"minecraft:play_time":12651,"minecraft:sneak_time":14,"minecraft:jump":145,"minecraft:walk_on_water_one_cm":694,"minecraft:time_since_death":12651,"minecraft:climb_one_cm":173,"minecraft:total_world_time":12651,"minecraft:fall_one_cm":838},"minecraft:killed":{"minecraft:skeleton":1,"minecraft:cow":1},"minecraft:crafted":{"minecraft:oak_planks":20,"minecraft:wooden_shovel":1,"minecraft:charcoal":3,"minecraft:crafting_table":2,"minecraft:stick":8,"minecraft:iron_ingot":8,"minecraft:wooden_pickaxe":1,"minecraft:stone_pickaxe":2,"minecraft:wooden_axe":1,"minecraft:furnace":1,"minecraft:birch_planks":24,"minecraft:stone_axe":1,"minecraft:air":0,"minecraft:cooked_beef":2}},"DataVersion":3953}