{"stats":{"minecraft:picked_up":{"minecraft:fishing_rod":3,"minecraft:seagrass":1,"minecraft:crafting_table":2,"minecraft:birch_door":2,"minecraft:wheat":4,"minecraft:wooden_pickaxe":1,"minecraft:enchanted_book":1,"minecraft:potion":2,"minecraft:shield":1,"minecraft:string":4,"minecraft:raw_copper":4,"minecraft:wooden_sword":2,"minecraft:pufferfish":17,"minecraft:cherry_boat":3,"minecraft:cobbled_deepslate":105,"minecraft:beef":35,"minecraft:rose_bush":1,"minecraft:iron_nugget":6,"minecraft:light_gray_wool":1,"minecraft:sugar_cane":59,"minecraft:chest":1,"minecraft:birch_sapling":4,"minecraft:iron_boots":1,"minecraft:raw_iron":104,"minecraft:stick":26,"minecraft:torch":9,"minecraft:bowl":2,"minecraft:diorite":131,"minecraft:carrot":22,"minecraft:redstone":68,"minecraft:stone_pressure_plate":6,"minecraft:tnt":1,"minecraft:stone_shovel":1,"minecraft:stone_sword":1,"minecraft:arrow":6,"minecraft:rotten_flesh":29,"minecraft:tropical_fish":2,"minecraft:shears":1,"minecraft:saddle":2,"minecraft:obsidian":5,"minecraft:mutton":18,"minecraft:cod":65,"minecraft:white_wool":11,"minecraft:cobblestone":413,"minecraft:birch_log":68,"minecraft:polished_diorite_slab":1,"minecraft:cooked_beef":14,"minecraft:birch_slab":1,"minecraft:tripwire_hook":3,"minecraft:salmon":25,"minecraft:andesite":41,"minecraft:leather":29,"minecraft:filled_map":1,"minecraft:potato":2,"minecraft:birch_planks":8,"minecraft:mushroom_stew":2,"minecraft:tuff":28,"minecraft:oak_log":5,"minecraft:lily_pad":9,"minecraft:nether_wart_block":1,"minecraft:gunpowder":1,"minecraft:dirt":87,"minecraft:lapis_lazuli":248,"minecraft:name_tag":1,"minecraft:bone":13,"minecraft:stone_bricks":4,"minecraft:bow":1,"minecraft:wheat_seeds":14,"minecraft:raw_gold":58,"minecraft:cobbled_deepslate_slab":1,"minecraft:iron_ingot":1,"minecraft:cooked_chicken":1,"minecraft:oak_planks":1,"minecraft:book":2,"minecraft:smooth_basalt":1,"minecraft:cooked_porkchop":3,"minecraft:sand":68,"minecraft:gravel":4,"minecraft:ink_sac":10,"minecraft:white_bed":2,"minecraft:dark_oak_log":2,"minecraft:spider_eye":1,"minecraft:polished_diorite_stairs":1,"minecraft:diamond":20,"minecraft:polished_diorite":1,"minecraft:stone_axe":1,"minecraft:granite":1,"minecraft:cherry_sapling":14,"minecraft:oak_sapling":1,"minecraft:coal":40},"minecraft:used":{"minecraft:cherry_boat":2,"minecraft:cherry_sapling":9,"minecraft:enchanting_table":1,"minecraft:flint_and_steel":39,"minecraft:chest":6,"minecraft:shield":100,"minecraft:wooden_shovel":18,"minecraft:cooked_chicken":1,"minecraft:torch":149,"minecraft:dirt":45,"minecraft:carrot":24,"minecraft:tuff":7,"minecraft:obsidian":1,"minecraft:polished_diorite":1,"minecraft:birch_door":4,"minecraft:wooden_axe":15,"minecraft:bookshelf":10,"minecraft:iron_helmet":1,"minecraft:iron_boots":1,"minecraft:stone_bricks":51,"minecraft:bow":9,"minecraft:furnace":2,"minecraft:polished_diorite_stairs":1,"minecraft:stone_pressure_plate":1,"minecraft:potato":1,"minecraft:cooked_beef":23,"minecraft:cobbled_deepslate":43,"minecraft:iron_leggings":1,"minecraft:wheat_seeds":12,"minecraft:cooked_mutton":15,"minecraft:water_bucket":4,"minecraft:diorite":25,"minecraft:stone_pickaxe":393,"minecraft:polished_diorite_slab":63,"minecraft:wooden_pickaxe":6,"minecraft:diamond_axe":264,"minecraft:sugar_cane":6,"minecraft:crafting_table":5,"minecraft:mushroom_stew":2,"minecraft:white_bed":2,"minecraft:diamond_pickaxe":298,"minecraft:iron_pickaxe":251,"minecraft:stone_axe":90,"minecraft:fishing_rod":107,"minecraft:cobblestone":13,"minecraft:cooked_porkchop":3,"minecraft:andesite":19,"minecraft:bucket":5,"minecraft:bone_meal":12},"minecraft:broken":{"minecraft:iron_boots":1,"minecraft:stone_pickaxe":3,"minecraft:shield":1,"minecraft:iron_pickaxe":1,"minecraft:iron_helmet":1},"minecraft:mined":{"minecraft:tuff":27,"minecraft:stone_pressure_plate":8,"minecraft:deepslate_diamond_ore":12,"minecraft:cherry_sapling":1,"minecraft:obsidian":5,"minecraft:granite":1,"minecraft:cobbled_deepslate_slab":1,"minecraft:grass_block":7,"minecraft:polished_diorite":2,"minecraft:redstone_ore":6,"minecraft:carrots":5,"minecraft:iron_ore":48,"minecraft:fire":34,"minecraft:cobbled_deepslate":5,"minecraft:andesite":37,"minecraft:deepslate_lapis_ore":11,"minecraft:deepslate_iron_ore":55,"minecraft:stone":413,"minecraft:crafting_table":2,"minecraft:torch":2,"minecraft:short_grass":3,"minecraft:polished_diorite_slab":1,"minecraft:copper_ore":1,"minecraft:cobblestone":9,"minecraft:lapis_ore":12,"minecraft:deepslate_gold_ore":30,"minecraft:sugar_cane":37,"minecraft:diorite":111,"minecraft:wall_torch":1,"minecraft:birch_log":68,"minecraft:wheat":5,"minecraft:birch_leaves":8,"minecraft:birch_door":1,"minecraft:oak_log":5,"minecraft:coal_ore":11,"minecraft:gravel":2,"minecraft:sand":1,"minecraft:dirt":72,"minecraft:smooth_basalt":1,"minecraft:stone_bricks":3,"minecraft:gold_ore":28,"minecraft:oak_leaves":2,"minecraft:deepslate":105},"minecraft:dropped":{"minecraft:book":2,"minecraft:pufferfish":6,"minecraft:dirt":3,"minecraft:nether_wart_block":1,"minecraft:wooden_sword":1,"minecraft:fishing_rod":1,"minecraft:bone":1,"minecraft:stone_axe":1,"minecraft:sugar_cane":16,"minecraft:stone_sword":1,"minecraft:cherry_sapling":1,"minecraft:light_gray_wool":1,"minecraft:iron_boots":1,"minecraft:cooked_mutton":2,"minecraft:stone_pressure_plate":5},"minecraft:custom":{"minecraft:interact_with_anvil":2,"minecraft:mob_kills":87,"minecraft:interact_with_crafting_table":51,"minecraft:time_since_death":294651,"minecraft:climb_one_cm":3824,"minecraft:sprint_one_cm":300773,"minecraft:walk_one_cm":1258000,"minecraft:damage_blocked_by_shield":2948,"minecraft:drop":36,"minecraft:talked_to_villager":1,"minecraft:play_time":294651,"minecraft:sneak_time":15691,"minecraft:walk_under_water_one_cm":16868,"minecraft:boat_one_cm":294465,"minecraft:jump":2773,"minecraft:walk_on_water_one_cm":52073,"minecraft:enchant_item":1,"minecraft:total_world_time":294651,"minecraft:interact_with_furnace":90,"minecraft:sleep_in_bed":13,"minecraft:time_since_rest":8198,"minecraft:damage_taken":3623,"minecraft:damage_dealt":18508,"minecraft:player_kills":34,"minecraft:swim_one_cm":9883,"minecraft:fly_one_cm":213528,"minecraft:open_chest":150,"minecraft:crouch_one_cm":34226,"minecraft:fish_caught":85,"minecraft:fall_one_cm":23983},"minecraft:killed":{"minecraft:spider":2,"minecraft:phantom":2,"minecraft:skeleton":11,"minecraft:drowned":1,"minecraft:creeper":1,"minecraft:sheep":14,"minecraft:zombie":33,"minecraft:cow":21},"minecraft:crafted":{"minecraft:oak_planks":20,"minecraft:fishing_rod":1,"minecraft:furnace":2,"minecraft:bone_meal":12,"minecraft:bookshelf":10,"minecraft:cooked_mutton":18,"minecraft:iron_boots":2,"minecraft:polished_diorite":96,"minecraft:stone_pickaxe":3,"minecraft:chest":5,"minecraft:birch_door":3,"minecraft:stone_bricks":80,"minecraft:polished_diorite_slab":192,"minecraft:cooked_beef":4,"minecraft:wooden_shovel":1,"minecraft:diamond_axe":1,"minecraft:crafting_table":3,"minecraft:enchanting_table":1,"minecraft:wooden_pickaxe":1,"minecraft:iron_helmet":2,"minecraft:bucket":1,"minecraft:birch_planks":272,"minecraft:stone_axe":1,"minecraft:air":0,"minecraft:book":33,"minecraft:paper":99,"minecraft:iron_chestplate":2,"minecraft:charcoal":3,"minecraft:diamond_pickaxe":1,"minecraft:shield":2,"minecraft:stick":56,"minecraft:iron_ingot":56,"minecraft:iron_pickaxe":1,"minecraft:wooden_axe":1,"minecraft:iron_leggings":2,"minecraft:torch":140}},"DataVersion":3953}