{"stats":{"minecraft:used":{"minecraft:diorite":24,"minecraft:stone_pickaxe":246,"minecraft:wooden_pickaxe":6,"minecraft:shield":23,"minecraft:wooden_shovel":18,"minecraft:cooked_chicken":1,"minecraft:torch":20,"minecraft:dirt":18,"minecraft:crafting_table":4,"minecraft:mushroom_stew":2,"minecraft:wooden_axe":15,"minecraft:iron_pickaxe":69,"minecraft:iron_boots":1,"minecraft:stone_axe":29,"minecraft:furnace":2,"minecraft:andesite":19,"minecraft:cooked_beef":2},"minecraft:picked_up":{"minecraft:birch_log":13,"minecraft:crafting_table":2,"minecraft:andesite":24,"minecraft:leather":2,"minecraft:filled_map":1,"minecraft:mushroom_stew":2,"minecraft:tuff":18,"minecraft:oak_log":5,"minecraft:lapis_lazuli":29,"minecraft:dirt":30,"minecraft:raw_copper":4,"minecraft:wooden_sword":1,"minecraft:bone":4,"minecraft:cobbled_deepslate":27,"minecraft:raw_gold":20,"minecraft:beef":2,"minecraft:cooked_chicken":1,"minecraft:sugar_cane":16,"minecraft:birch_sapling":1,"minecraft:stick":5,"minecraft:raw_iron":29,"minecraft:torch":2,"minecraft:diorite":44,"minecraft:redstone":27,"minecraft:arrow":1,"minecraft:diamond":9,"minecraft:stone_axe":1,"minecraft:granite":1,"minecraft:oak_sapling":1,"minecraft:coal":5,"minecraft:cobblestone":151},"minecraft:mined":{"minecraft:tuff":17,"minecraft:deepslate_diamond_ore":9,"minecraft:crafting_table":2,"minecraft:torch":1,"minecraft:granite":1,"minecraft:grass_block":6,"minecraft:copper_ore":1,"minecraft:lapis_ore":4,"minecraft:diorite":45,"minecraft:wall_torch":1,"minecraft:redstone_ore":6,"minecraft:birch_log":13,"minecraft:iron_ore":28,"minecraft:andesite":21,"minecraft:birch_leaves":1,"minecraft:coal_ore":5,"minecraft:oak_log":5,"minecraft:dirt":23,"minecraft:stone":133,"minecraft:gold_ore":20,"minecraft:oak_leaves":1,"minecraft:deepslate":30},"minecraft:broken":{"minecraft:stone_pickaxe":1},"minecraft:dropped":{"minecraft:stone_axe":1,"minecraft:sugar_cane":16,"minecraft:wooden_sword":1},"minecraft:custom":{"minecraft:interact_with_furnace":31,"minecraft:mob_kills":9,"minecraft:interact_with_crafting_table":13,"minecraft:time_since_death":36651,"minecraft:climb_one_cm":173,"minecraft:time_since_rest":36651,"minecraft:sprint_one_cm":10482,"minecraft:damage_taken":639,"minecraft:walk_one_cm":143363,"minecraft:damage_blocked_by_shield":1320,"minecraft:drop":18,"minecraft:damage_dealt":1652,"minecraft:fly_one_cm":6869,"minecraft:open_chest":1,"minecraft:crouch_one_cm":1741,"minecraft:play_time":36651,"minecraft:sneak_time":1162,"minecraft:jump":271,"minecraft:walk_on_water_one_cm":694,"minecraft:total_world_time":36651,"minecraft:fall_one_cm":1651},"minecraft:killed":{"minecraft:skeleton":4,"minecraft:zombie":4,"minecraft:cow":1},"minecraft:crafted":{"minecraft:cooked_beef":2,"minecraft:oak_planks":20,"minecraft:wooden_shovel":1,"minecraft:crafting_table":3,"minecraft:wooden_pickaxe":1,"minecraft:furnace":2,"minecraft:bucket":1,"minecraft:birch_planks":52,"minecraft:stone_axe":1,"minecraft:air":0,"minecraft:iron_boots":1,"minecraft:iron_chestplate":1,"minecraft:charcoal":3,"minecraft:shield":1,"minecraft:stick":16,"minecraft:iron_ingot":19,"minecraft:iron_pickaxe":1,"minecraft:stone_pickaxe":2,"minecraft:wooden_axe":1,"minecraft:torch":28}},"DataVersion":3953}