{"stats":{"minecraft:used":{"minecraft:wheat_seeds":12,"minecraft:diorite":24,"minecraft:stone_pickaxe":272,"minecraft:wooden_pickaxe":6,"minecraft:shield":23,"minecraft:diamond_axe":9,"minecraft:sugar_cane":1,"minecraft:wooden_shovel":18,"minecraft:cooked_chicken":1,"minecraft:torch":40,"minecraft:dirt":18,"minecraft:crafting_table":5,"minecraft:mushroom_stew":2,"minecraft:carrot":10,"minecraft:tuff":7,"minecraft:wooden_axe":15,"minecraft:iron_pickaxe":251,"minecraft:iron_helmet":1,"minecraft:iron_boots":1,"minecraft:stone_axe":90,"minecraft:cobblestone":1,"minecraft:furnace":2,"minecraft:bucket":1,"minecraft:andesite":19,"minecraft:cooked_beef":4,"minecraft:bone_meal":12,"minecraft:iron_leggings":1},"minecraft:picked_up":{"minecraft:birch_log":67,"minecraft:crafting_table":2,"minecraft:wheat":4,"minecraft:cooked_beef":6,"minecraft:andesite":31,"minecraft:leather":2,"minecraft:filled_map":1,"minecraft:mushroom_stew":2,"minecraft:tuff":28,"minecraft:oak_log":5,"minecraft:shield":1,"minecraft:lapis_lazuli":83,"minecraft:string":1,"minecraft:dirt":31,"minecraft:raw_copper":4,"minecraft:wooden_sword":1,"minecraft:bone":4,"minecraft:bow":1,"minecraft:wheat_seeds":12,"minecraft:cobbled_deepslate":53,"minecraft:raw_gold":20,"minecraft:beef":2,"minecraft:cooked_chicken":1,"minecraft:light_gray_wool":1,"minecraft:sugar_cane":17,"minecraft:birch_sapling":2,"minecraft:iron_boots":1,"minecraft:stick":7,"minecraft:raw_iron":32,"minecraft:torch":3,"minecraft:gravel":3,"minecraft:diorite":76,"minecraft:carrot":10,"minecraft:redstone":68,"minecraft:arrow":1,"minecraft:diamond":9,"minecraft:stone_axe":1,"minecraft:granite":1,"minecraft:oak_sapling":1,"minecraft:mutton":10,"minecraft:coal":25,"minecraft:white_wool":6,"minecraft:cobblestone":267},"minecraft:mined":{"minecraft:tuff":27,"minecraft:deepslate_diamond_ore":9,"minecraft:crafting_table":2,"minecraft:torch":1,"minecraft:granite":1,"minecraft:short_grass":1,"minecraft:grass_block":6,"minecraft:cobblestone":3,"minecraft:copper_ore":1,"minecraft:lapis_ore":12,"minecraft:diorite":55,"minecraft:wall_torch":1,"minecraft:redstone_ore":6,"minecraft:carrots":5,"minecraft:birch_log":67,"minecraft:iron_ore":31,"minecraft:wheat":4,"minecraft:andesite":27,"minecraft:birch_leaves":8,"minecraft:coal_ore":9,"minecraft:oak_log":5,"minecraft:gravel":2,"minecraft:dirt":23,"minecraft:stone":272,"minecraft:gold_ore":20,"minecraft:oak_leaves":1,"minecraft:deepslate":55},"minecraft:broken":{"minecraft:stone_pickaxe":2,"minecraft:iron_pickaxe":1},"minecraft:dropped":{"minecraft:stone_axe":1,"minecraft:sugar_cane":16,"minecraft:iron_boots":1,"minecraft:wooden_sword":1},"minecraft:custom":{"minecraft:interact_with_furnace":47,"minecraft:mob_kills":17,"minecraft:interact_with_crafting_table":22,"minecraft:time_since_death":66651,"minecraft:climb_one_cm":327,"minecraft:time_since_rest":66651,"minecraft:sprint_one_cm":13116,"minecraft:damage_taken":639,"minecraft:walk_one_cm":279099,"minecraft:damage_blocked_by_shield":1320,"minecraft:drop":19,"minecraft:damage_dealt":2292,"minecraft:swim_one_cm":2526,"minecraft:talked_to_villager":1,"minecraft:fly_one_cm":9806,"minecraft:open_chest":5,"minecraft:crouch_one_cm":3514,"minecraft:play_time":66651,"minecraft:sneak_time":2026,"minecraft:walk_under_water_one_cm":1344,"minecraft:jump":498,"minecraft:walk_on_water_one_cm":5331,"minecraft:total_world_time":66651,"minecraft:fall_one_cm":2487},"minecraft:killed":{"minecraft:sheep":8,"minecraft:skeleton":4,"minecraft:zombie":4,"minecraft:cow":1},"minecraft:crafted":{"minecraft:cooked_beef":2,"minecraft:oak_planks":20,"minecraft:wooden_shovel":1,"minecraft:diamond_axe":1,"minecraft:crafting_table":3,"minecraft:iron_helmet":1,"minecraft:wooden_pickaxe":1,"minecraft:furnace":2,"minecraft:bone_meal":12,"minecraft:bucket":1,"minecraft:birch_planks":52,"minecraft:stone_axe":1,"minecraft:air":0,"minecraft:iron_boots":1,"minecraft:iron_chestplate":1,"minecraft:charcoal":3,"minecraft:shield":1,"minecraft:stick":24,"minecraft:iron_ingot":32,"minecraft:iron_pickaxe":1,"minecraft:stone_pickaxe":3,"minecraft:wooden_axe":1,"minecraft:iron_leggings":1,"minecraft:torch":44}},"DataVersion":3953}