{"stats":{"minecraft:used":{"minecraft:chest":6,"minecraft:shield":57,"minecraft:wooden_shovel":18,"minecraft:cooked_chicken":1,"minecraft:torch":145,"minecraft:dirt":18,"minecraft:carrot":10,"minecraft:tuff":7,"minecraft:birch_door":2,"minecraft:wooden_axe":15,"minecraft:iron_helmet":1,"minecraft:iron_boots":1,"minecraft:bow":9,"minecraft:furnace":2,"minecraft:cooked_beef":18,"minecraft:cobbled_deepslate":43,"minecraft:iron_leggings":1,"minecraft:wheat_seeds":12,"minecraft:cooked_mutton":1,"minecraft:water_bucket":1,"minecraft:diorite":25,"minecraft:stone_pickaxe":359,"minecraft:wooden_pickaxe":6,"minecraft:diamond_axe":89,"minecraft:sugar_cane":1,"minecraft:crafting_table":5,"minecraft:mushroom_stew":2,"minecraft:diamond_pickaxe":123,"minecraft:iron_pickaxe":251,"minecraft:stone_axe":90,"minecraft:fishing_rod":29,"minecraft:cobblestone":3,"minecraft:andesite":19,"minecraft:bucket":2,"minecraft:bone_meal":12},"minecraft:picked_up":{"minecraft:seagrass":1,"minecraft:crafting_table":2,"minecraft:birch_door":1,"minecraft:wheat":4,"minecraft:shield":1,"minecraft:string":3,"minecraft:raw_copper":4,"minecraft:wooden_sword":2,"minecraft:pufferfish":4,"minecraft:cobbled_deepslate":104,"minecraft:beef":4,"minecraft:rose_bush":1,"minecraft:iron_nugget":6,"minecraft:light_gray_wool":1,"minecraft:sugar_cane":17,"minecraft:chest":1,"minecraft:birch_sapling":4,"minecraft:iron_boots":1,"minecraft:raw_iron":104,"minecraft:stick":9,"minecraft:torch":7,"minecraft:bowl":2,"minecraft:diorite":78,"minecraft:carrot":10,"minecraft:redstone":68,"minecraft:arrow":6,"minecraft:rotten_flesh":25,"minecraft:tropical_fish":1,"minecraft:shears":1,"minecraft:saddle":1,"minecraft:mutton":18,"minecraft:cod":24,"minecraft:white_wool":11,"minecraft:cobblestone":282,"minecraft:birch_log":68,"minecraft:cooked_beef":9,"minecraft:tripwire_hook":1,"minecraft:salmon":11,"minecraft:andesite":41,"minecraft:leather":6,"minecraft:filled_map":1,"minecraft:potato":1,"minecraft:birch_planks":8,"minecraft:mushroom_stew":2,"minecraft:tuff":28,"minecraft:oak_log":5,"minecraft:gunpowder":1,"minecraft:dirt":31,"minecraft:lapis_lazuli":248,"minecraft:bone":12,"minecraft:stone_bricks":1,"minecraft:bow":1,"minecraft:wheat_seeds":12,"minecraft:raw_gold":57,"minecraft:cobbled_deepslate_slab":1,"minecraft:iron_ingot":1,"minecraft:cooked_chicken":1,"minecraft:smooth_basalt":1,"minecraft:gravel":3,"minecraft:spider_eye":1,"minecraft:diamond":20,"minecraft:stone_axe":1,"minecraft:granite":1,"minecraft:oak_sapling":1,"minecraft:coal":40},"minecraft:broken":{"minecraft:stone_pickaxe":2,"minecraft:shield":1,"minecraft:iron_pickaxe":1},"minecraft:mined":{"minecraft:tuff":27,"minecraft:deepslate_diamond_ore":12,"minecraft:granite":1,"minecraft:cobbled_deepslate_slab":1,"minecraft:grass_block":6,"minecraft:redstone_ore":6,"minecraft:carrots":5,"minecraft:iron_ore":48,"minecraft:cobbled_deepslate":4,"minecraft:andesite":37,"minecraft:deepslate_lapis_ore":11,"minecraft:deepslate_iron_ore":55,"minecraft:stone":286,"minecraft:crafting_table":2,"minecraft:torch":2,"minecraft:short_grass":1,"minecraft:copper_ore":1,"minecraft:cobblestone":5,"minecraft:lapis_ore":12,"minecraft:deepslate_gold_ore":30,"minecraft:diorite":58,"minecraft:wall_torch":1,"minecraft:birch_log":68,"minecraft:wheat":4,"minecraft:birch_leaves":8,"minecraft:oak_log":5,"minecraft:coal_ore":11,"minecraft:gravel":2,"minecraft:dirt":23,"minecraft:smooth_basalt":1,"minecraft:gold_ore":27,"minecraft:oak_leaves":1,"minecraft:deepslate":105},"minecraft:dropped":{"minecraft:wooden_sword":1,"minecraft:stone_axe":1,"minecraft:sugar_cane":16,"minecraft:light_gray_wool":1,"minecraft:iron_boots":1},"minecraft:custom":{"minecraft:mob_kills":59,"minecraft:interact_with_crafting_table":38,"minecraft:time_since_death":150651,"minecraft:climb_one_cm":499,"minecraft:sprint_one_cm":74852,"minecraft:walk_one_cm":669123,"minecraft:damage_blocked_by_shield":2863,"minecraft:drop":20,"minecraft:talked_to_villager":1,"minecraft:play_time":150651,"minecraft:sneak_time":8199,"minecraft:walk_under_water_one_cm":5750,"minecraft:jump":1480,"minecraft:walk_on_water_one_cm":23553,"minecraft:total_world_time":150651,"minecraft:interact_with_furnace":57,"minecraft:sleep_in_bed":2,"minecraft:time_since_rest":593,"minecraft:damage_taken":1859,"minecraft:damage_dealt":7737,"minecraft:swim_one_cm":4482,"minecraft:fly_one_cm":46152,"minecraft:open_chest":56,"minecraft:crouch_one_cm":19484,"minecraft:fish_caught":21,"minecraft:fall_one_cm":9690},"minecraft:killed":{"minecraft:spider":1,"minecraft:phantom":1,"minecraft:skeleton":11,"minecraft:drowned":1,"minecraft:creeper":1,"minecraft:sheep":14,"minecraft:zombie":25,"minecraft:cow":4},"minecraft:crafted":{"minecraft:oak_planks":20,"minecraft:fishing_rod":1,"minecraft:furnace":2,"minecraft:bone_meal":12,"minecraft:cooked_mutton":18,"minecraft:iron_boots":1,"minecraft:stone_pickaxe":3,"minecraft:chest":5,"minecraft:birch_door":3,"minecraft:cooked_beef":4,"minecraft:wooden_shovel":1,"minecraft:diamond_axe":1,"minecraft:crafting_table":3,"minecraft:wooden_pickaxe":1,"minecraft:iron_helmet":1,"minecraft:bucket":1,"minecraft:birch_planks":272,"minecraft:stone_axe":1,"minecraft:air":0,"minecraft:iron_chestplate":1,"minecraft:charcoal":3,"minecraft:diamond_pickaxe":1,"minecraft:shield":2,"minecraft:stick":56,"minecraft:iron_ingot":32,"minecraft:iron_pickaxe":1,"minecraft:wooden_axe":1,"minecraft:iron_leggings":1,"minecraft:torch":140}},"DataVersion":3953}