{"stats":{"minecraft:used":{"minecraft:enchanting_table":1,"minecraft:chest":6,"minecraft:shield":57,"minecraft:wooden_shovel":18,"minecraft:cooked_chicken":1,"minecraft:torch":149,"minecraft:dirt":19,"minecraft:carrot":10,"minecraft:tuff":7,"minecraft:birch_door":4,"minecraft:wooden_axe":15,"minecraft:iron_helmet":1,"minecraft:iron_boots":1,"minecraft:stone_bricks":51,"minecraft:bow":9,"minecraft:furnace":2,"minecraft:potato":1,"minecraft:cooked_beef":18,"minecraft:cobbled_deepslate":43,"minecraft:iron_leggings":1,"minecraft:wheat_seeds":12,"minecraft:cooked_mutton":4,"minecraft:water_bucket":1,"minecraft:diorite":25,"minecraft:stone_pickaxe":393,"minecraft:polished_diorite_slab":61,"minecraft:wooden_pickaxe":6,"minecraft:diamond_axe":90,"minecraft:sugar_cane":4,"minecraft:crafting_table":5,"minecraft:mushroom_stew":2,"minecraft:diamond_pickaxe":272,"minecraft:iron_pickaxe":251,"minecraft:stone_axe":90,"minecraft:fishing_rod":75,"minecraft:cobblestone":3,"minecraft:andesite":19,"minecraft:bucket":2,"minecraft:bone_meal":12},"minecraft:picked_up":{"minecraft:fishing_rod":1,"minecraft:seagrass":1,"minecraft:crafting_table":2,"minecraft:birch_door":2,"minecraft:wheat":4,"minecraft:potion":1,"minecraft:shield":1,"minecraft:string":3,"minecraft:raw_copper":4,"minecraft:wooden_sword":2,"minecraft:pufferfish":9,"minecraft:cobbled_deepslate":104,"minecraft:beef":4,"minecraft:rose_bush":1,"minecraft:iron_nugget":6,"minecraft:light_gray_wool":1,"minecraft:sugar_cane":59,"minecraft:chest":1,"minecraft:birch_sapling":4,"minecraft:iron_boots":1,"minecraft:raw_iron":104,"minecraft:stick":9,"minecraft:torch":9,"minecraft:bowl":2,"minecraft:diorite":131,"minecraft:carrot":10,"minecraft:redstone":68,"minecraft:arrow":6,"minecraft:rotten_flesh":25,"minecraft:tropical_fish":1,"minecraft:shears":1,"minecraft:saddle":1,"minecraft:obsidian":4,"minecraft:mutton":18,"minecraft:cod":48,"minecraft:white_wool":11,"minecraft:cobblestone":403,"minecraft:birch_log":68,"minecraft:cooked_beef":9,"minecraft:tripwire_hook":1,"minecraft:salmon":21,"minecraft:andesite":41,"minecraft:leather":6,"minecraft:filled_map":1,"minecraft:potato":1,"minecraft:birch_planks":8,"minecraft:mushroom_stew":2,"minecraft:tuff":28,"minecraft:oak_log":5,"minecraft:lily_pad":2,"minecraft:gunpowder":1,"minecraft:dirt":59,"minecraft:lapis_lazuli":248,"minecraft:bone":13,"minecraft:stone_bricks":4,"minecraft:bow":1,"minecraft:wheat_seeds":12,"minecraft:raw_gold":57,"minecraft:cobbled_deepslate_slab":1,"minecraft:iron_ingot":1,"minecraft:cooked_chicken":1,"minecraft:smooth_basalt":1,"minecraft:gravel":3,"minecraft:ink_sac":10,"minecraft:dark_oak_log":2,"minecraft:spider_eye":1,"minecraft:diamond":20,"minecraft:stone_axe":1,"minecraft:granite":1,"minecraft:oak_sapling":1,"minecraft:coal":40},"minecraft:broken":{"minecraft:stone_pickaxe":3,"minecraft:shield":1,"minecraft:iron_pickaxe":1},"minecraft:mined":{"minecraft:tuff":27,"minecraft:deepslate_diamond_ore":12,"minecraft:obsidian":4,"minecraft:granite":1,"minecraft:cobbled_deepslate_slab":1,"minecraft:grass_block":6,"minecraft:redstone_ore":6,"minecraft:carrots":5,"minecraft:iron_ore":48,"minecraft:cobbled_deepslate":4,"minecraft:andesite":37,"minecraft:deepslate_lapis_ore":11,"minecraft:deepslate_iron_ore":55,"minecraft:stone":407,"minecraft:crafting_table":2,"minecraft:torch":2,"minecraft:short_grass":1,"minecraft:copper_ore":1,"minecraft:cobblestone":5,"minecraft:lapis_ore":12,"minecraft:deepslate_gold_ore":30,"minecraft:sugar_cane":37,"minecraft:diorite":111,"minecraft:wall_torch":1,"minecraft:birch_log":68,"minecraft:wheat":4,"minecraft:birch_leaves":8,"minecraft:birch_door":1,"minecraft:oak_log":5,"minecraft:coal_ore":11,"minecraft:gravel":2,"minecraft:dirt":51,"minecraft:smooth_basalt":1,"minecraft:stone_bricks":3,"minecraft:gold_ore":27,"minecraft:oak_leaves":1,"minecraft:deepslate":105},"minecraft:dropped":{"minecraft:wooden_sword":1,"minecraft:bone":1,"minecraft:stone_axe":1,"minecraft:sugar_cane":16,"minecraft:light_gray_wool":1,"minecraft:iron_boots":1},"minecraft:custom":{"minecraft:mob_kills":59,"minecraft:interact_with_crafting_table":43,"minecraft:time_since_death":186651,"minecraft:climb_one_cm":1025,"minecraft:sprint_one_cm":106818,"minecraft:walk_one_cm":759263,"minecraft:damage_blocked_by_shield":2863,"minecraft:drop":21,"minecraft:talked_to_villager":1,"minecraft:play_time":186651,"minecraft:sneak_time":9284,"minecraft:walk_under_water_one_cm":8273,"minecraft:boat_one_cm":30511,"minecraft:jump":1603,"minecraft:walk_on_water_one_cm":25631,"minecraft:total_world_time":186651,"minecraft:interact_with_furnace":72,"minecraft:sleep_in_bed":4,"minecraft:time_since_rest":16303,"minecraft:damage_taken":2027,"minecraft:damage_dealt":7737,"minecraft:swim_one_cm":4482,"minecraft:fly_one_cm":66296,"minecraft:open_chest":77,"minecraft:crouch_one_cm":19552,"minecraft:fish_caught":60,"minecraft:fall_one_cm":10797},"minecraft:killed":{"minecraft:spider":1,"minecraft:phantom":1,"minecraft:skeleton":11,"minecraft:drowned":1,"minecraft:creeper":1,"minecraft:sheep":14,"minecraft:zombie":25,"minecraft:cow":4},"minecraft:crafted":{"minecraft:oak_planks":20,"minecraft:fishing_rod":1,"minecraft:furnace":2,"minecraft:bone_meal":12,"minecraft:cooked_mutton":18,"minecraft:iron_boots":1,"minecraft:polished_diorite":96,"minecraft:stone_pickaxe":3,"minecraft:chest":5,"minecraft:birch_door":3,"minecraft:stone_bricks":80,"minecraft:polished_diorite_slab":192,"minecraft:cooked_beef":4,"minecraft:wooden_shovel":1,"minecraft:diamond_axe":1,"minecraft:crafting_table":3,"minecraft:enchanting_table":1,"minecraft:wooden_pickaxe":1,"minecraft:iron_helmet":1,"minecraft:bucket":1,"minecraft:birch_planks":272,"minecraft:stone_axe":1,"minecraft:air":0,"minecraft:book":5,"minecraft:paper":15,"minecraft:iron_chestplate":1,"minecraft:charcoal":3,"minecraft:diamond_pickaxe":1,"minecraft:shield":2,"minecraft:stick":56,"minecraft:iron_ingot":32,"minecraft:iron_pickaxe":1,"minecraft:wooden_axe":1,"minecraft:iron_leggings":1,"minecraft:torch":140}},"DataVersion":3953}