{"stats":{"minecraft:used":{"minecraft:wheat_seeds":23,"minecraft:cooked_mutton":3,"minecraft:water_bucket":4,"minecraft:mossy_stone_bricks":1,"minecraft:flint_and_steel":6,"minecraft:stone_sword":70,"minecraft:iron_shovel":172,"minecraft:birch_planks":132,"minecraft:stone_shovel":131,"minecraft:stone_pickaxe":77,"minecraft:ladder":7,"minecraft:wooden_pickaxe":9,"minecraft:birch_boat":3,"minecraft:rotten_flesh":6,"minecraft:cracked_stone_bricks":1,"minecraft:torch":8,"minecraft:dirt":265,"minecraft:mutton":4,"minecraft:crafting_table":4,"minecraft:white_bed":1,"minecraft:golden_shovel":32,"minecraft:birch_door":3,"minecraft:iron_hoe":122,"minecraft:wooden_axe":81,"minecraft:birch_slab":71,"minecraft:bread":2,"minecraft:gravel":6,"minecraft:stone_axe":33,"minecraft:wooden_sword":26,"minecraft:beef":22,"minecraft:porkchop":5,"minecraft:bucket":4,"minecraft:egg":1,"minecraft:bone_meal":3,"minecraft:pumpkin":14},"minecraft:picked_up":{"minecraft:birch_log":71,"minecraft:wheat":1,"minecraft:birch_door":1,"minecraft:crafting_table":1,"minecraft:ladder":1,"minecraft:birch_slab":8,"minecraft:andesite":4,"minecraft:leather":12,"minecraft:brown_mushroom":4,"minecraft:wooden_pickaxe":1,"minecraft:red_mushroom":2,"minecraft:birch_planks":63,"minecraft:flint":3,"minecraft:lily_pad":39,"minecraft:dirt":322,"minecraft:wooden_sword":2,"minecraft:cooked_mutton":4,"minecraft:stone_bricks":1,"minecraft:kelp":11,"minecraft:cracked_stone_bricks":1,"minecraft:wheat_seeds":19,"minecraft:beef":22,"minecraft:mossy_stone_bricks":1,"minecraft:sugar_cane":8,"minecraft:birch_sapling":27,"minecraft:egg":1,"minecraft:stick":13,"minecraft:raw_iron":10,"minecraft:birch_boat":2,"minecraft:pumpkin":14,"minecraft:torch":2,"minecraft:gravel":15,"minecraft:porkchop":5,"minecraft:sand":19,"minecraft:rotten_flesh":5,"minecraft:mutton":8,"minecraft:coal":9,"minecraft:cooked_beef":3,"minecraft:white_wool":7,"minecraft:cobblestone":46,"minecraft:seagrass":1},"minecraft:broken":{"minecraft:wooden_axe":1,"minecraft:golden_shovel":1,"minecraft:stone_shovel":1},"minecraft:mined":{"minecraft:kelp_plant":3,"minecraft:brown_mushroom":4,"minecraft:crafting_table":1,"minecraft:torch":1,"minecraft:ladder":1,"minecraft:short_grass":149,"minecraft:grass_block":209,"minecraft:birch_slab":3,"minecraft:kelp":8,"minecraft:lily_pad":22,"minecraft:sugar_cane":4,"minecraft:red_mushroom":2,"minecraft:wall_torch":3,"minecraft:birch_sapling":3,"minecraft:seagrass":5,"minecraft:birch_planks":20,"minecraft:fire":6,"minecraft:birch_log":72,"minecraft:iron_ore":10,"minecraft:wheat":1,"minecraft:andesite":6,"minecraft:birch_leaves":28,"minecraft:birch_door":1,"minecraft:pumpkin":14,"minecraft:coal_ore":9,"minecraft:gravel":18,"minecraft:sand":29,"minecraft:dirt":118,"minecraft:cracked_stone_bricks":1,"minecraft:stone":50,"minecraft:stone_bricks":1,"minecraft:mossy_stone_bricks":1},"minecraft:dropped":{"minecraft:bread":2,"minecraft:iron_nugget":6,"minecraft:birch_planks":70,"minecraft:cooked_beef":1,"minecraft:rotten_flesh":1,"minecraft:birch_slab":2,"minecraft:mushroom_stew":2,"minecraft:filled_map":1,"minecraft:mutton":2,"minecraft:wooden_sword":2,"minecraft:wooden_pickaxe":1},"minecraft:custom":{"minecraft:interact_with_furnace":10,"minecraft:mob_kills":28,"minecraft:animals_bred":1,"minecraft:interact_with_crafting_table":24,"minecraft:time_since_death":69131,"minecraft:sleep_in_bed":1,"minecraft:climb_one_cm":1674,"minecraft:time_since_rest":34408,"minecraft:sprint_one_cm":106261,"minecraft:damage_taken":1073,"minecraft:walk_one_cm":366550,"minecraft:drop":14,"minecraft:damage_dealt":3766,"minecraft:swim_one_cm":21337,"minecraft:fly_one_cm":83494,"minecraft:player_kills":1,"minecraft:open_chest":16,"minecraft:crouch_one_cm":12844,"minecraft:play_time":69131,"minecraft:sneak_time":3417,"minecraft:walk_under_water_one_cm":11720,"minecraft:boat_one_cm":176390,"minecraft:jump":744,"minecraft:walk_on_water_one_cm":11551,"minecraft:total_world_time":69131,"minecraft:fall_one_cm":10171},"minecraft:killed":{"minecraft:pig":4,"minecraft:zombie_villager":1,"minecraft:spider":1,"minecraft:sheep":6,"minecraft:zombie":3,"minecraft:turtle":1,"minecraft:cow":12},"minecraft:crafted":{"minecraft:cooked_beef":1,"minecraft:wooden_sword":1,"minecraft:stone_shovel":1,"minecraft:leather_boots":1,"minecraft:crafting_table":3,"minecraft:birch_boat":1,"minecraft:bowl":4,"minecraft:birch_slab":70,"minecraft:mushroom_stew":2,"minecraft:bone_meal":3,"minecraft:bucket":1,"minecraft:birch_planks":240,"minecraft:cooked_mutton":1,"minecraft:bread":4,"minecraft:air":0,"minecraft:flint_and_steel":1,"minecraft:ladder":6,"minecraft:iron_hoe":1,"minecraft:stick":28,"minecraft:iron_ingot":10,"minecraft:leather_chestplate":1,"minecraft:stone_pickaxe":1,"minecraft:wooden_axe":2,"minecraft:stone_sword":1,"minecraft:iron_shovel":1,"minecraft:white_bed":1,"minecraft:birch_door":3,"minecraft:torch":8}},"DataVersion":3953}