{"stats":{"minecraft:picked_up":{"minecraft:seagrass":1,"minecraft:crafting_table":4,"minecraft:birch_door":6,"minecraft:wheat":107,"minecraft:golden_pickaxe":1,"minecraft:ladder":1,"minecraft:lead":13,"minecraft:brown_mushroom":7,"minecraft:wooden_pickaxe":1,"minecraft:golden_shovel":1,"minecraft:shield":2,"minecraft:string":1,"minecraft:cooked_salmon":3,"minecraft:wooden_sword":2,"minecraft:flint_and_steel":2,"minecraft:iron_leggings":1,"minecraft:pufferfish":5,"minecraft:blue_orchid":1,"minecraft:cracked_stone_bricks":2,"minecraft:beef":30,"minecraft:rose_bush":2,"minecraft:poppy":2,"minecraft:iron_nugget":2,"minecraft:sugar_cane":96,"minecraft:birch_sapling":27,"minecraft:egg":1,"minecraft:golden_helmet":1,"minecraft:stick":32,"minecraft:raw_iron":10,"minecraft:bowl":2,"minecraft:torch":14,"minecraft:porkchop":5,"minecraft:cherry_log":31,"minecraft:vine":1,"minecraft:diorite":7,"minecraft:carrot":194,"minecraft:cauldron":1,"minecraft:dark_oak_planks":6,"minecraft:stone_sword":1,"minecraft:rotten_flesh":7,"minecraft:mutton":8,"minecraft:cod":13,"minecraft:white_wool":11,"minecraft:cobblestone":132,"minecraft:birch_log":71,"minecraft:leather_chestplate":1,"minecraft:lilac":1,"minecraft:cooked_beef":6,"minecraft:tripwire_hook":2,"minecraft:salmon":11,"minecraft:birch_slab":10,"minecraft:andesite":5,"minecraft:leather":17,"minecraft:golden_leggings":1,"minecraft:red_mushroom":2,"minecraft:potato":15,"minecraft:birch_planks":67,"minecraft:flint":4,"minecraft:oak_log":23,"minecraft:lily_pad":132,"minecraft:cobblestone_wall":3,"minecraft:cobblestone_stairs":2,"minecraft:dirt":1469,"minecraft:leather_boots":1,"minecraft:cooked_mutton":14,"minecraft:apple":1,"minecraft:stone_bricks":1,"minecraft:kelp":14,"minecraft:bow":2,"minecraft:wheat_seeds":307,"minecraft:iron_ingot":38,"minecraft:stone_pickaxe":1,"minecraft:mossy_stone_bricks":2,"minecraft:oak_planks":58,"minecraft:iron_sword":2,"minecraft:cooked_porkchop":22,"minecraft:birch_boat":11,"minecraft:pumpkin":50,"minecraft:gravel":21,"minecraft:sand":504,"minecraft:white_bed":5,"minecraft:iron_hoe":2,"minecraft:diamond_shovel":1,"minecraft:stone_axe":1,"minecraft:cherry_sapling":11,"minecraft:oak_sapling":15,"minecraft:coal":9,"minecraft:oak_leaves":119,"minecraft:crimson_roots":2,"minecraft:iron_chestplate":1,"minecraft:fishing_rod":1},"minecraft:used":{"minecraft:cherry_boat":1,"minecraft:cherry_sapling":12,"minecraft:stone_sword":124,"minecraft:iron_shovel":251,"minecraft:flint_and_steel":27,"minecraft:stone_shovel":131,"minecraft:ladder":7,"minecraft:chest":2,"minecraft:iron_sword":266,"minecraft:cooked_salmon":4,"minecraft:rotten_flesh":38,"minecraft:torch":58,"minecraft:anvil":1,"minecraft:dirt":1038,"minecraft:mutton":4,"minecraft:cobblestone_wall":46,"minecraft:carrot":171,"minecraft:golden_shovel":32,"minecraft:obsidian":9,"minecraft:birch_door":9,"minecraft:iron_hoe":375,"minecraft:wooden_axe":81,"minecraft:lava_bucket":2,"minecraft:crimson_roots":1,"minecraft:beef":30,"minecraft:furnace":3,"minecraft:egg":1,"minecraft:potato":20,"minecraft:pumpkin":15,"minecraft:wheat_seeds":250,"minecraft:cooked_mutton":10,"minecraft:mossy_stone_bricks":1,"minecraft:water_bucket":14,"minecraft:cobblestone_stairs":14,"minecraft:birch_planks":134,"minecraft:stone_pickaxe":112,"minecraft:oak_planks":24,"minecraft:birch_boat":11,"minecraft:wooden_pickaxe":9,"minecraft:cauldron":1,"minecraft:sugar_cane":18,"minecraft:cracked_stone_bricks":1,"minecraft:sand":2,"minecraft:crafting_table":8,"minecraft:white_bed":5,"minecraft:shears":131,"minecraft:apple":1,"minecraft:diamond_shovel":1393,"minecraft:birch_slab":79,"minecraft:bread":2,"minecraft:gravel":8,"minecraft:stone_axe":169,"minecraft:fishing_rod":33,"minecraft:wooden_sword":26,"minecraft:cobblestone":1,"minecraft:cooked_porkchop":10,"minecraft:porkchop":5,"minecraft:bucket":16,"minecraft:golden_pickaxe":2,"minecraft:bone_meal":18},"minecraft:broken":{"minecraft:golden_helmet":1,"minecraft:iron_shovel":1,"minecraft:golden_shovel":1,"minecraft:leather_boots":1,"minecraft:stone_axe":1,"minecraft:wooden_axe":1,"minecraft:stone_shovel":1},"minecraft:mined":{"minecraft:stone_pressure_plate":2,"minecraft:white_bed":6,"minecraft:farmland":1,"minecraft:cherry_log":20,"minecraft:cobblestone_stairs":2,"minecraft:ladder":2,"minecraft:grass_block":679,"minecraft:crimson_roots":2,"minecraft:birch_slab":5,"minecraft:red_mushroom":2,"minecraft:kelp":12,"minecraft:tall_seagrass":2,"minecraft:carrots":50,"minecraft:iron_ore":10,"minecraft:fire":34,"minecraft:andesite":7,"minecraft:pumpkin":32,"minecraft:potatoes":6,"minecraft:vine":18,"minecraft:blue_orchid":1,"minecraft:stone":60,"minecraft:brown_mushroom":4,"minecraft:kelp_plant":5,"minecraft:crafting_table":3,"minecraft:torch":6,"minecraft:short_grass":203,"minecraft:poppy":2,"minecraft:rose_bush":5,"minecraft:tall_grass":4,"minecraft:cobblestone":1,"minecraft:oak_planks":21,"minecraft:lily_pad":35,"minecraft:sugar_cane":67,"minecraft:diorite":12,"minecraft:wall_torch":5,"minecraft:cauldron":1,"minecraft:birch_sapling":3,"minecraft:seagrass":13,"minecraft:birch_planks":24,"minecraft:cobblestone_wall":2,"minecraft:birch_log":72,"minecraft:wheat":92,"minecraft:lilac":1,"minecraft:spruce_log":1,"minecraft:birch_leaves":28,"minecraft:birch_door":6,"minecraft:oak_log":22,"minecraft:coal_ore":9,"minecraft:gravel":24,"minecraft:sand":524,"minecraft:dirt":640,"minecraft:cracked_stone_bricks":2,"minecraft:stone_bricks":1,"minecraft:mossy_stone_bricks":2,"minecraft:oak_leaves":147},"minecraft:dropped":{"minecraft:wheat_seeds":19,"minecraft:bread":2,"minecraft:brown_mushroom":3,"minecraft:birch_planks":70,"minecraft:cooked_beef":7,"minecraft:cooked_porkchop":3,"minecraft:cobblestone":38,"minecraft:leather":2,"minecraft:coal":5,"minecraft:birch_slab":7,"minecraft:mushroom_stew":2,"minecraft:cod":11,"minecraft:pufferfish":4,"minecraft:dirt":66,"minecraft:torch":5,"minecraft:mutton":2,"minecraft:rose_bush":1,"minecraft:seagrass":1,"minecraft:wooden_sword":3,"minecraft:sand":13,"minecraft:tripwire_hook":1,"minecraft:string":1,"minecraft:bucket":1,"minecraft:fishing_rod":2,"minecraft:lily_pad":35,"minecraft:white_wool":3,"minecraft:gravel":1,"minecraft:stone_axe":1,"minecraft:kelp":12,"minecraft:iron_nugget":6,"minecraft:stone_sword":1,"minecraft:bowl":2,"minecraft:birch_sapling":8,"minecraft:rotten_flesh":12,"minecraft:iron_hoe":2,"minecraft:cooked_mutton":5,"minecraft:salmon":7,"minecraft:carrot":27,"minecraft:suspicious_stew":1,"minecraft:filled_map":2,"minecraft:poppy":2,"minecraft:leather_chestplate":1,"minecraft:birch_door":3,"minecraft:wooden_pickaxe":1},"minecraft:killed_by":{"minecraft:skeleton":1},"minecraft:custom":{"minecraft:interact_with_anvil":2,"minecraft:mob_kills":52,"minecraft:animals_bred":50,"minecraft:interact_with_crafting_table":54,"minecraft:fill_cauldron":1,"minecraft:time_since_death":49862,"minecraft:climb_one_cm":13354,"minecraft:sprint_one_cm":637673,"minecraft:walk_one_cm":1150655,"minecraft:drop":76,"minecraft:talked_to_villager":3,"minecraft:play_time":261131,"minecraft:deaths":1,"minecraft:sneak_time":6623,"minecraft:walk_under_water_one_cm":50283,"minecraft:boat_one_cm":1287678,"minecraft:jump":2973,"minecraft:walk_on_water_one_cm":53497,"minecraft:total_world_time":261131,"minecraft:interact_with_furnace":52,"minecraft:traded_with_villager":1,"minecraft:sleep_in_bed":5,"minecraft:time_since_rest":49891,"minecraft:damage_taken":2862,"minecraft:damage_dealt":11750,"minecraft:swim_one_cm":28835,"minecraft:fly_one_cm":523942,"minecraft:player_kills":17,"minecraft:open_chest":100,"minecraft:crouch_one_cm":21716,"minecraft:fish_caught":26,"minecraft:fall_one_cm":38658},"minecraft:killed":{"minecraft:spider":1,"minecraft:turtle":1,"minecraft:pig":6,"minecraft:zombie_villager":1,"minecraft:wandering_trader":2,"minecraft:frog":1,"minecraft:creeper":1,"minecraft:sheep":14,"minecraft:trader_llama":4,"minecraft:zombie":4,"minecraft:cow":15},"minecraft:crafted":{"minecraft:cherry_planks":64,"minecraft:wooden_sword":1,"minecraft:oak_planks":64,"minecraft:stone_shovel":1,"minecraft:fishing_rod":1,"minecraft:leather_boots":3,"minecraft:birch_boat":2,"minecraft:birch_slab":76,"minecraft:furnace":3,"minecraft:cherry_boat":2,"minecraft:cobblestone_stairs":12,"minecraft:mushroom_stew":2,"minecraft:cherry_sapling":1,"minecraft:bone_meal":18,"minecraft:diamond_shovel":1,"minecraft:cooked_mutton":1,"minecraft:flint_and_steel":1,"minecraft:bow":1,"minecraft:ladder":6,"minecraft:iron_hoe":2,"minecraft:stone_pickaxe":1,"minecraft:cobblestone_wall":78,"minecraft:chest":2,"minecraft:birch_door":6,"minecraft:magenta_dye":2,"minecraft:cooked_beef":1,"minecraft:red_dye":2,"minecraft:crafting_table":5,"minecraft:iron_sword":1,"minecraft:bowl":4,"minecraft:cooked_salmon":4,"minecraft:bucket":1,"minecraft:birch_planks":240,"minecraft:bread":4,"minecraft:air":0,"minecraft:stick":32,"minecraft:light_blue_dye":1,"minecraft:leather_chestplate":4,"minecraft:iron_ingot":78,"minecraft:wooden_axe":2,"minecraft:iron_block":3,"minecraft:stone_sword":1,"minecraft:iron_shovel":1,"minecraft:anvil":1,"minecraft:white_bed":2,"minecraft:torch":52,"minecraft:shears":1}},"DataVersion":3953}