{"stats":{"minecraft:used":{"minecraft:stone_sword":124,"minecraft:iron_shovel":251,"minecraft:flint_and_steel":27,"minecraft:stone_shovel":131,"minecraft:ladder":7,"minecraft:chest":1,"minecraft:iron_sword":2,"minecraft:cooked_salmon":1,"minecraft:rotten_flesh":38,"minecraft:torch":58,"minecraft:anvil":1,"minecraft:dirt":932,"minecraft:mutton":4,"minecraft:carrot":171,"minecraft:golden_shovel":32,"minecraft:obsidian":9,"minecraft:birch_door":9,"minecraft:iron_hoe":375,"minecraft:wooden_axe":81,"minecraft:lava_bucket":2,"minecraft:crimson_roots":1,"minecraft:beef":22,"minecraft:furnace":3,"minecraft:egg":1,"minecraft:potato":14,"minecraft:pumpkin":15,"minecraft:wheat_seeds":245,"minecraft:cooked_mutton":10,"minecraft:mossy_stone_bricks":1,"minecraft:water_bucket":14,"minecraft:cobblestone_stairs":14,"minecraft:birch_planks":134,"minecraft:stone_pickaxe":106,"minecraft:oak_planks":24,"minecraft:birch_boat":10,"minecraft:wooden_pickaxe":9,"minecraft:cauldron":1,"minecraft:sugar_cane":18,"minecraft:cracked_stone_bricks":1,"minecraft:sand":2,"minecraft:crafting_table":7,"minecraft:white_bed":5,"minecraft:apple":1,"minecraft:diamond_shovel":1223,"minecraft:birch_slab":77,"minecraft:bread":2,"minecraft:gravel":8,"minecraft:stone_axe":106,"minecraft:fishing_rod":33,"minecraft:wooden_sword":26,"minecraft:cooked_porkchop":4,"minecraft:porkchop":5,"minecraft:bucket":16,"minecraft:bone_meal":3},"minecraft:picked_up":{"minecraft:seagrass":1,"minecraft:crafting_table":4,"minecraft:birch_door":6,"minecraft:wheat":102,"minecraft:golden_pickaxe":1,"minecraft:ladder":1,"minecraft:lead":6,"minecraft:brown_mushroom":6,"minecraft:wooden_pickaxe":1,"minecraft:golden_shovel":1,"minecraft:shield":1,"minecraft:string":1,"minecraft:cooked_salmon":3,"minecraft:wooden_sword":2,"minecraft:flint_and_steel":1,"minecraft:pufferfish":4,"minecraft:blue_orchid":1,"minecraft:cracked_stone_bricks":2,"minecraft:beef":22,"minecraft:rose_bush":2,"minecraft:iron_nugget":2,"minecraft:sugar_cane":95,"minecraft:birch_sapling":27,"minecraft:egg":1,"minecraft:golden_helmet":1,"minecraft:stick":30,"minecraft:raw_iron":10,"minecraft:bowl":2,"minecraft:torch":11,"minecraft:porkchop":5,"minecraft:diorite":7,"minecraft:carrot":193,"minecraft:cauldron":1,"minecraft:dark_oak_planks":6,"minecraft:stone_sword":1,"minecraft:rotten_flesh":5,"minecraft:mutton":8,"minecraft:cod":13,"minecraft:white_wool":11,"minecraft:cobblestone":92,"minecraft:birch_log":71,"minecraft:leather_chestplate":1,"minecraft:lilac":1,"minecraft:cooked_beef":6,"minecraft:tripwire_hook":2,"minecraft:salmon":11,"minecraft:birch_slab":8,"minecraft:andesite":5,"minecraft:leather":15,"minecraft:golden_leggings":1,"minecraft:red_mushroom":2,"minecraft:potato":9,"minecraft:birch_planks":67,"minecraft:flint":4,"minecraft:oak_log":22,"minecraft:lily_pad":118,"minecraft:cobblestone_stairs":2,"minecraft:dirt":1300,"minecraft:leather_boots":1,"minecraft:cooked_mutton":14,"minecraft:apple":1,"minecraft:stone_bricks":1,"minecraft:kelp":14,"minecraft:bow":2,"minecraft:wheat_seeds":281,"minecraft:iron_ingot":38,"minecraft:stone_pickaxe":1,"minecraft:mossy_stone_bricks":2,"minecraft:oak_planks":37,"minecraft:iron_sword":1,"minecraft:cooked_porkchop":19,"minecraft:birch_boat":10,"minecraft:pumpkin":50,"minecraft:gravel":21,"minecraft:sand":503,"minecraft:white_bed":5,"minecraft:iron_hoe":1,"minecraft:diamond_shovel":1,"minecraft:stone_axe":1,"minecraft:oak_sapling":15,"minecraft:coal":9,"minecraft:crimson_roots":1},"minecraft:broken":{"minecraft:iron_shovel":1,"minecraft:golden_shovel":1,"minecraft:wooden_axe":1,"minecraft:stone_shovel":1},"minecraft:mined":{"minecraft:white_bed":5,"minecraft:farmland":1,"minecraft:cobblestone_stairs":2,"minecraft:ladder":2,"minecraft:grass_block":560,"minecraft:crimson_roots":1,"minecraft:birch_slab":3,"minecraft:red_mushroom":2,"minecraft:kelp":11,"minecraft:tall_seagrass":1,"minecraft:carrots":50,"minecraft:iron_ore":10,"minecraft:fire":14,"minecraft:andesite":7,"minecraft:pumpkin":32,"minecraft:potatoes":6,"minecraft:vine":17,"minecraft:blue_orchid":1,"minecraft:stone":60,"minecraft:brown_mushroom":4,"minecraft:kelp_plant":4,"minecraft:crafting_table":3,"minecraft:torch":6,"minecraft:short_grass":183,"minecraft:rose_bush":5,"minecraft:lily_pad":35,"minecraft:sugar_cane":65,"minecraft:diorite":12,"minecraft:wall_torch":4,"minecraft:cauldron":1,"minecraft:birch_sapling":3,"minecraft:seagrass":11,"minecraft:birch_planks":24,"minecraft:birch_log":72,"minecraft:wheat":91,"minecraft:lilac":1,"minecraft:spruce_log":1,"minecraft:birch_leaves":28,"minecraft:birch_door":6,"minecraft:oak_log":22,"minecraft:coal_ore":9,"minecraft:gravel":24,"minecraft:sand":524,"minecraft:dirt":575,"minecraft:cracked_stone_bricks":2,"minecraft:stone_bricks":1,"minecraft:mossy_stone_bricks":2,"minecraft:oak_leaves":10},"minecraft:dropped":{"minecraft:bread":2,"minecraft:brown_mushroom":2,"minecraft:birch_planks":70,"minecraft:cooked_beef":7,"minecraft:leather":2,"minecraft:coal":5,"minecraft:birch_slab":7,"minecraft:mushroom_stew":2,"minecraft:cod":11,"minecraft:pufferfish":3,"minecraft:torch":5,"minecraft:mutton":2,"minecraft:rose_bush":1,"minecraft:seagrass":1,"minecraft:wooden_sword":3,"minecraft:sand":13,"minecraft:bucket":1,"minecraft:fishing_rod":1,"minecraft:lily_pad":35,"minecraft:white_wool":3,"minecraft:gravel":1,"minecraft:stone_axe":1,"minecraft:kelp":12,"minecraft:iron_nugget":6,"minecraft:bowl":2,"minecraft:birch_sapling":8,"minecraft:rotten_flesh":12,"minecraft:cooked_mutton":5,"minecraft:salmon":7,"minecraft:carrot":26,"minecraft:suspicious_stew":1,"minecraft:filled_map":2,"minecraft:birch_door":3,"minecraft:wooden_pickaxe":1},"minecraft:killed_by":{"minecraft:skeleton":1},"minecraft:custom":{"minecraft:interact_with_anvil":2,"minecraft:mob_kills":44,"minecraft:animals_bred":42,"minecraft:interact_with_crafting_table":48,"minecraft:fill_cauldron":1,"minecraft:time_since_death":1862,"minecraft:climb_one_cm":10946,"minecraft:sprint_one_cm":439801,"minecraft:walk_one_cm":932006,"minecraft:drop":57,"minecraft:talked_to_villager":1,"minecraft:play_time":213131,"minecraft:deaths":1,"minecraft:sneak_time":6252,"minecraft:walk_under_water_one_cm":44447,"minecraft:boat_one_cm":1026493,"minecraft:jump":2358,"minecraft:walk_on_water_one_cm":42470,"minecraft:total_world_time":213131,"minecraft:interact_with_furnace":45,"minecraft:sleep_in_bed":5,"minecraft:time_since_rest":1891,"minecraft:damage_taken":2090,"minecraft:damage_dealt":5400,"minecraft:swim_one_cm":27268,"minecraft:fly_one_cm":388575,"minecraft:player_kills":2,"minecraft:open_chest":82,"minecraft:crouch_one_cm":20741,"minecraft:fish_caught":26,"minecraft:fall_one_cm":30499},"minecraft:killed":{"minecraft:spider":1,"minecraft:turtle":1,"minecraft:pig":6,"minecraft:zombie_villager":1,"minecraft:wandering_trader":1,"minecraft:frog":1,"minecraft:sheep":14,"minecraft:trader_llama":2,"minecraft:zombie":3,"minecraft:cow":12},"minecraft:crafted":{"minecraft:wooden_sword":1,"minecraft:oak_planks":64,"minecraft:stone_shovel":1,"minecraft:fishing_rod":1,"minecraft:leather_boots":3,"minecraft:birch_boat":2,"minecraft:birch_slab":76,"minecraft:furnace":3,"minecraft:cobblestone_stairs":12,"minecraft:mushroom_stew":2,"minecraft:bone_meal":3,"minecraft:diamond_shovel":1,"minecraft:cooked_mutton":1,"minecraft:flint_and_steel":1,"minecraft:bow":1,"minecraft:ladder":6,"minecraft:iron_hoe":2,"minecraft:stone_pickaxe":1,"minecraft:chest":1,"minecraft:birch_door":6,"minecraft:magenta_dye":2,"minecraft:cooked_beef":1,"minecraft:red_dye":2,"minecraft:crafting_table":5,"minecraft:iron_sword":1,"minecraft:bowl":4,"minecraft:cooked_salmon":4,"minecraft:bucket":1,"minecraft:birch_planks":240,"minecraft:bread":4,"minecraft:air":0,"minecraft:stick":32,"minecraft:light_blue_dye":1,"minecraft:leather_chestplate":4,"minecraft:iron_ingot":78,"minecraft:wooden_axe":2,"minecraft:iron_block":3,"minecraft:stone_sword":1,"minecraft:iron_shovel":1,"minecraft:anvil":1,"minecraft:white_bed":2,"minecraft:torch":52}},"DataVersion":3953}