{"stats":{"minecraft:used":{"minecraft:stone_sword":85,"minecraft:iron_shovel":181,"minecraft:flint_and_steel":11,"minecraft:stone_shovel":131,"minecraft:ladder":7,"minecraft:rotten_flesh":6,"minecraft:torch":8,"minecraft:dirt":265,"minecraft:mutton":4,"minecraft:golden_shovel":32,"minecraft:birch_door":9,"minecraft:iron_hoe":122,"minecraft:wooden_axe":81,"minecraft:beef":22,"minecraft:egg":1,"minecraft:pumpkin":14,"minecraft:wheat_seeds":23,"minecraft:cooked_mutton":5,"minecraft:mossy_stone_bricks":1,"minecraft:water_bucket":4,"minecraft:birch_planks":132,"minecraft:stone_pickaxe":77,"minecraft:birch_boat":4,"minecraft:wooden_pickaxe":9,"minecraft:cracked_stone_bricks":1,"minecraft:crafting_table":5,"minecraft:white_bed":1,"minecraft:birch_slab":71,"minecraft:bread":2,"minecraft:gravel":6,"minecraft:stone_axe":44,"minecraft:wooden_sword":26,"minecraft:cooked_porkchop":1,"minecraft:porkchop":5,"minecraft:bucket":4,"minecraft:bone_meal":3},"minecraft:picked_up":{"minecraft:seagrass":1,"minecraft:crafting_table":1,"minecraft:birch_door":6,"minecraft:wheat":1,"minecraft:ladder":1,"minecraft:brown_mushroom":4,"minecraft:wooden_pickaxe":1,"minecraft:wooden_sword":2,"minecraft:cracked_stone_bricks":1,"minecraft:beef":22,"minecraft:rose_bush":2,"minecraft:sugar_cane":8,"minecraft:birch_sapling":27,"minecraft:egg":1,"minecraft:stick":13,"minecraft:raw_iron":10,"minecraft:torch":2,"minecraft:porkchop":5,"minecraft:carrot":8,"minecraft:rotten_flesh":5,"minecraft:mutton":8,"minecraft:white_wool":7,"minecraft:cobblestone":46,"minecraft:birch_log":71,"minecraft:cooked_beef":6,"minecraft:birch_slab":8,"minecraft:andesite":4,"minecraft:leather":14,"minecraft:red_mushroom":2,"minecraft:birch_planks":63,"minecraft:flint":4,"minecraft:lily_pad":39,"minecraft:dirt":323,"minecraft:cooked_mutton":4,"minecraft:stone_bricks":1,"minecraft:kelp":12,"minecraft:wheat_seeds":19,"minecraft:mossy_stone_bricks":1,"minecraft:cooked_porkchop":5,"minecraft:birch_boat":3,"minecraft:pumpkin":14,"minecraft:gravel":19,"minecraft:sand":19,"minecraft:coal":9},"minecraft:broken":{"minecraft:golden_shovel":1,"minecraft:wooden_axe":1,"minecraft:stone_shovel":1},"minecraft:mined":{"minecraft:ladder":1,"minecraft:grass_block":209,"minecraft:birch_slab":3,"minecraft:red_mushroom":2,"minecraft:kelp":11,"minecraft:iron_ore":10,"minecraft:fire":12,"minecraft:andesite":6,"minecraft:pumpkin":14,"minecraft:vine":1,"minecraft:stone":50,"minecraft:brown_mushroom":4,"minecraft:kelp_plant":3,"minecraft:crafting_table":1,"minecraft:torch":1,"minecraft:short_grass":151,"minecraft:rose_bush":5,"minecraft:lily_pad":22,"minecraft:sugar_cane":4,"minecraft:wall_torch":3,"minecraft:birch_sapling":3,"minecraft:seagrass":6,"minecraft:birch_planks":20,"minecraft:birch_log":72,"minecraft:wheat":1,"minecraft:spruce_log":1,"minecraft:birch_leaves":28,"minecraft:birch_door":6,"minecraft:coal_ore":9,"minecraft:gravel":24,"minecraft:sand":29,"minecraft:dirt":121,"minecraft:cracked_stone_bricks":1,"minecraft:stone_bricks":1,"minecraft:mossy_stone_bricks":1},"minecraft:dropped":{"minecraft:bread":2,"minecraft:brown_mushroom":2,"minecraft:birch_planks":70,"minecraft:cooked_beef":7,"minecraft:leather":2,"minecraft:coal":5,"minecraft:birch_slab":7,"minecraft:mushroom_stew":2,"minecraft:mutton":2,"minecraft:rose_bush":1,"minecraft:seagrass":1,"minecraft:wooden_sword":3,"minecraft:sand":13,"minecraft:lily_pad":20,"minecraft:white_wool":2,"minecraft:stone_axe":1,"minecraft:kelp":12,"minecraft:iron_nugget":6,"minecraft:bowl":2,"minecraft:birch_sapling":8,"minecraft:rotten_flesh":1,"minecraft:carrot":8,"minecraft:filled_map":2,"minecraft:birch_door":1,"minecraft:wooden_pickaxe":1},"minecraft:custom":{"minecraft:mob_kills":32,"minecraft:animals_bred":1,"minecraft:interact_with_crafting_table":25,"minecraft:time_since_death":93131,"minecraft:climb_one_cm":2139,"minecraft:sprint_one_cm":113024,"minecraft:walk_one_cm":388114,"minecraft:drop":33,"minecraft:play_time":93131,"minecraft:sneak_time":3920,"minecraft:walk_under_water_one_cm":41661,"minecraft:boat_one_cm":704348,"minecraft:jump":811,"minecraft:walk_on_water_one_cm":15969,"minecraft:total_world_time":93131,"minecraft:interact_with_furnace":10,"minecraft:sleep_in_bed":1,"minecraft:time_since_rest":58408,"minecraft:damage_taken":1278,"minecraft:damage_dealt":4064,"minecraft:swim_one_cm":25085,"minecraft:fly_one_cm":87523,"minecraft:player_kills":2,"minecraft:open_chest":28,"minecraft:crouch_one_cm":13263,"minecraft:fall_one_cm":10589},"minecraft:killed":{"minecraft:spider":1,"minecraft:turtle":1,"minecraft:pig":6,"minecraft:zombie_villager":1,"minecraft:sheep":6,"minecraft:zombie":3,"minecraft:cow":12},"minecraft:crafted":{"minecraft:wooden_sword":1,"minecraft:stone_shovel":1,"minecraft:leather_boots":2,"minecraft:birch_boat":1,"minecraft:birch_slab":70,"minecraft:mushroom_stew":2,"minecraft:bone_meal":3,"minecraft:cooked_mutton":1,"minecraft:flint_and_steel":1,"minecraft:ladder":6,"minecraft:iron_hoe":1,"minecraft:stone_pickaxe":1,"minecraft:birch_door":6,"minecraft:cooked_beef":1,"minecraft:red_dye":2,"minecraft:crafting_table":4,"minecraft:bowl":4,"minecraft:bucket":1,"minecraft:birch_planks":240,"minecraft:bread":4,"minecraft:air":0,"minecraft:stick":28,"minecraft:leather_chestplate":2,"minecraft:iron_ingot":10,"minecraft:wooden_axe":2,"minecraft:stone_sword":1,"minecraft:iron_shovel":1,"minecraft:white_bed":1,"minecraft:torch":8}},"DataVersion":3953}