{"stats":{"minecraft:used":{"minecraft:wheat_seeds":12,"minecraft:cooked_mutton":1,"minecraft:water_bucket":2,"minecraft:mossy_stone_bricks":1,"minecraft:stone_sword":51,"minecraft:birch_planks":124,"minecraft:stone_shovel":11,"minecraft:stone_pickaxe":57,"minecraft:wooden_pickaxe":9,"minecraft:birch_boat":2,"minecraft:rotten_flesh":2,"minecraft:cracked_stone_bricks":1,"minecraft:torch":4,"minecraft:dirt":29,"minecraft:mutton":4,"minecraft:crafting_table":3,"minecraft:white_bed":1,"minecraft:birch_door":3,"minecraft:iron_hoe":52,"minecraft:wooden_axe":81,"minecraft:bread":1,"minecraft:stone_axe":12,"minecraft:wooden_sword":26,"minecraft:beef":22,"minecraft:porkchop":5,"minecraft:bucket":3,"minecraft:bone_meal":3,"minecraft:pumpkin":14},"minecraft:picked_up":{"minecraft:birch_log":71,"minecraft:wheat":1,"minecraft:birch_door":1,"minecraft:crafting_table":1,"minecraft:andesite":4,"minecraft:leather":12,"minecraft:brown_mushroom":3,"minecraft:wooden_pickaxe":1,"minecraft:red_mushroom":2,"minecraft:birch_planks":47,"minecraft:lily_pad":19,"minecraft:dirt":34,"minecraft:wooden_sword":2,"minecraft:stone_bricks":1,"minecraft:cracked_stone_bricks":1,"minecraft:wheat_seeds":9,"minecraft:beef":22,"minecraft:mossy_stone_bricks":1,"minecraft:sugar_cane":8,"minecraft:birch_sapling":20,"minecraft:stick":13,"minecraft:raw_iron":10,"minecraft:birch_boat":2,"minecraft:pumpkin":14,"minecraft:torch":1,"minecraft:porkchop":5,"minecraft:rotten_flesh":3,"minecraft:mutton":8,"minecraft:coal":9,"minecraft:white_wool":5,"minecraft:cobblestone":27},"minecraft:broken":{"minecraft:wooden_axe":1},"minecraft:mined":{"minecraft:brown_mushroom":3,"minecraft:crafting_table":1,"minecraft:short_grass":65,"minecraft:grass_block":18,"minecraft:sugar_cane":4,"minecraft:red_mushroom":2,"minecraft:wall_torch":1,"minecraft:seagrass":1,"minecraft:birch_planks":3,"minecraft:birch_log":72,"minecraft:iron_ore":10,"minecraft:wheat":1,"minecraft:andesite":6,"minecraft:birch_leaves":28,"minecraft:birch_door":1,"minecraft:pumpkin":14,"minecraft:coal_ore":9,"minecraft:dirt":19,"minecraft:cracked_stone_bricks":1,"minecraft:stone":31,"minecraft:stone_bricks":1,"minecraft:mossy_stone_bricks":1},"minecraft:dropped":{"minecraft:birch_planks":70,"minecraft:cooked_beef":1,"minecraft:rotten_flesh":1,"minecraft:mushroom_stew":2,"minecraft:filled_map":1,"minecraft:mutton":2,"minecraft:wooden_sword":2,"minecraft:wooden_pickaxe":1},"minecraft:custom":{"minecraft:interact_with_furnace":10,"minecraft:mob_kills":24,"minecraft:interact_with_crafting_table":17,"minecraft:time_since_death":39131,"minecraft:sleep_in_bed":1,"minecraft:climb_one_cm":801,"minecraft:time_since_rest":4408,"minecraft:sprint_one_cm":81080,"minecraft:damage_taken":811,"minecraft:walk_one_cm":177055,"minecraft:drop":11,"minecraft:damage_dealt":3062,"minecraft:swim_one_cm":21337,"minecraft:fly_one_cm":70054,"minecraft:player_kills":1,"minecraft:open_chest":14,"minecraft:crouch_one_cm":9500,"minecraft:play_time":39131,"minecraft:sneak_time":2532,"minecraft:walk_under_water_one_cm":11493,"minecraft:boat_one_cm":78451,"minecraft:jump":499,"minecraft:walk_on_water_one_cm":7289,"minecraft:total_world_time":39131,"minecraft:fall_one_cm":8280},"minecraft:killed":{"minecraft:pig":4,"minecraft:zombie_villager":1,"minecraft:spider":1,"minecraft:sheep":5,"minecraft:zombie":2,"minecraft:cow":11},"minecraft:crafted":{"minecraft:cooked_beef":1,"minecraft:wooden_sword":1,"minecraft:stone_shovel":1,"minecraft:leather_boots":1,"minecraft:crafting_table":2,"minecraft:birch_boat":1,"minecraft:bowl":4,"minecraft:mushroom_stew":2,"minecraft:bone_meal":3,"minecraft:bucket":1,"minecraft:birch_planks":240,"minecraft:cooked_mutton":1,"minecraft:bread":4,"minecraft:air":0,"minecraft:iron_hoe":1,"minecraft:stick":4,"minecraft:iron_ingot":10,"minecraft:leather_chestplate":1,"minecraft:stone_pickaxe":1,"minecraft:wooden_axe":2,"minecraft:stone_sword":1,"minecraft:white_bed":1,"minecraft:birch_door":3,"minecraft:torch":4}},"DataVersion":3953}