{"stats":{"minecraft:used":{"minecraft:wooden_axe":66,"minecraft:stone_sword":6,"minecraft:birch_planks":115,"minecraft:birch_boat":1,"minecraft:wooden_pickaxe":9,"minecraft:wooden_sword":26,"minecraft:mutton":2,"minecraft:beef":2,"minecraft:crafting_table":2,"minecraft:porkchop":5},"minecraft:picked_up":{"minecraft:birch_log":60,"minecraft:crafting_table":1,"minecraft:stick":12,"minecraft:birch_boat":1,"minecraft:pumpkin":1,"minecraft:leather":2,"minecraft:wooden_pickaxe":1,"minecraft:birch_planks":47,"minecraft:porkchop":5,"minecraft:lily_pad":19,"minecraft:dirt":17,"minecraft:wooden_sword":2,"minecraft:wheat_seeds":4,"minecraft:beef":6,"minecraft:sugar_cane":5,"minecraft:birch_sapling":19,"minecraft:mutton":4,"minecraft:white_wool":2,"minecraft:cobblestone":6},"minecraft:broken":{"minecraft:wooden_axe":1},"minecraft:mined":{"minecraft:seagrass":1,"minecraft:birch_planks":3,"minecraft:birch_log":61,"minecraft:birch_leaves":28,"minecraft:pumpkin":1,"minecraft:crafting_table":1,"minecraft:short_grass":49,"minecraft:grass_block":7,"minecraft:dirt":10,"minecraft:stone":6,"minecraft:sugar_cane":2},"minecraft:dropped":{"minecraft:birch_planks":70,"minecraft:mutton":2,"minecraft:wooden_sword":2,"minecraft:wooden_pickaxe":1},"minecraft:custom":{"minecraft:time_since_rest":15131,"minecraft:sprint_one_cm":15747,"minecraft:damage_taken":350,"minecraft:walk_one_cm":78847,"minecraft:mob_kills":9,"minecraft:drop":6,"minecraft:damage_dealt":1223,"minecraft:swim_one_cm":12590,"minecraft:interact_with_crafting_table":6,"minecraft:fly_one_cm":23901,"minecraft:player_kills":1,"minecraft:crouch_one_cm":5099,"minecraft:play_time":15131,"minecraft:sneak_time":940,"minecraft:walk_under_water_one_cm":1232,"minecraft:boat_one_cm":27406,"minecraft:jump":151,"minecraft:walk_on_water_one_cm":3257,"minecraft:time_since_death":15131,"minecraft:total_world_time":15131,"minecraft:fall_one_cm":2829},"minecraft:killed":{"minecraft:sheep":2,"minecraft:pig":4,"minecraft:cow":3},"minecraft:crafted":{"minecraft:wooden_sword":1,"minecraft:crafting_table":2,"minecraft:stick":4,"minecraft:birch_boat":1,"minecraft:stone_pickaxe":1,"minecraft:wooden_axe":2,"minecraft:stone_sword":1,"minecraft:birch_planks":240}},"DataVersion":3953}