{"stats":{"minecraft:used":{"minecraft:wheat_seeds":22,"minecraft:cooked_mutton":1,"minecraft:water_bucket":4,"minecraft:mossy_stone_bricks":1,"minecraft:stone_sword":51,"minecraft:iron_shovel":152,"minecraft:birch_planks":124,"minecraft:stone_shovel":131,"minecraft:stone_pickaxe":57,"minecraft:wooden_pickaxe":9,"minecraft:birch_boat":2,"minecraft:rotten_flesh":2,"minecraft:cracked_stone_bricks":1,"minecraft:torch":4,"minecraft:dirt":255,"minecraft:mutton":4,"minecraft:crafting_table":3,"minecraft:white_bed":1,"minecraft:golden_shovel":32,"minecraft:birch_door":3,"minecraft:iron_hoe":122,"minecraft:wooden_axe":81,"minecraft:bread":2,"minecraft:gravel":6,"minecraft:stone_axe":12,"minecraft:wooden_sword":26,"minecraft:beef":22,"minecraft:porkchop":5,"minecraft:bucket":4,"minecraft:bone_meal":3,"minecraft:pumpkin":14},"minecraft:picked_up":{"minecraft:birch_log":71,"minecraft:wheat":1,"minecraft:birch_door":1,"minecraft:crafting_table":1,"minecraft:andesite":4,"minecraft:leather":12,"minecraft:brown_mushroom":4,"minecraft:wooden_pickaxe":1,"minecraft:red_mushroom":2,"minecraft:birch_planks":47,"minecraft:flint":3,"minecraft:lily_pad":39,"minecraft:dirt":319,"minecraft:wooden_sword":2,"minecraft:stone_bricks":1,"minecraft:cracked_stone_bricks":1,"minecraft:wheat_seeds":18,"minecraft:beef":22,"minecraft:mossy_stone_bricks":1,"minecraft:sugar_cane":8,"minecraft:birch_sapling":27,"minecraft:egg":1,"minecraft:stick":13,"minecraft:raw_iron":10,"minecraft:birch_boat":2,"minecraft:pumpkin":14,"minecraft:torch":1,"minecraft:gravel":15,"minecraft:porkchop":5,"minecraft:sand":6,"minecraft:rotten_flesh":3,"minecraft:mutton":8,"minecraft:coal":9,"minecraft:white_wool":5,"minecraft:cobblestone":27},"minecraft:broken":{"minecraft:wooden_axe":1,"minecraft:golden_shovel":1,"minecraft:stone_shovel":1},"minecraft:mined":{"minecraft:brown_mushroom":4,"minecraft:crafting_table":1,"minecraft:short_grass":136,"minecraft:grass_block":209,"minecraft:lily_pad":22,"minecraft:sugar_cane":4,"minecraft:red_mushroom":2,"minecraft:wall_torch":1,"minecraft:birch_sapling":3,"minecraft:seagrass":5,"minecraft:birch_planks":3,"minecraft:birch_log":72,"minecraft:iron_ore":10,"minecraft:wheat":1,"minecraft:andesite":6,"minecraft:birch_leaves":28,"minecraft:birch_door":1,"minecraft:pumpkin":14,"minecraft:coal_ore":9,"minecraft:gravel":18,"minecraft:sand":6,"minecraft:dirt":115,"minecraft:cracked_stone_bricks":1,"minecraft:stone":31,"minecraft:stone_bricks":1,"minecraft:mossy_stone_bricks":1},"minecraft:dropped":{"minecraft:birch_planks":70,"minecraft:cooked_beef":1,"minecraft:rotten_flesh":1,"minecraft:mushroom_stew":2,"minecraft:filled_map":1,"minecraft:mutton":2,"minecraft:wooden_sword":2,"minecraft:wooden_pickaxe":1},"minecraft:custom":{"minecraft:interact_with_furnace":10,"minecraft:mob_kills":24,"minecraft:interact_with_crafting_table":18,"minecraft:time_since_death":51131,"minecraft:sleep_in_bed":1,"minecraft:climb_one_cm":801,"minecraft:time_since_rest":16408,"minecraft:sprint_one_cm":92753,"minecraft:damage_taken":811,"minecraft:walk_one_cm":278918,"minecraft:drop":11,"minecraft:damage_dealt":3062,"minecraft:swim_one_cm":21337,"minecraft:fly_one_cm":73338,"minecraft:player_kills":1,"minecraft:open_chest":14,"minecraft:crouch_one_cm":12360,"minecraft:play_time":51131,"minecraft:sneak_time":3231,"minecraft:walk_under_water_one_cm":11493,"minecraft:boat_one_cm":78451,"minecraft:jump":586,"minecraft:walk_on_water_one_cm":10603,"minecraft:total_world_time":51131,"minecraft:fall_one_cm":8549},"minecraft:killed":{"minecraft:pig":4,"minecraft:zombie_villager":1,"minecraft:spider":1,"minecraft:sheep":5,"minecraft:zombie":2,"minecraft:cow":11},"minecraft:crafted":{"minecraft:cooked_beef":1,"minecraft:wooden_sword":1,"minecraft:stone_shovel":1,"minecraft:leather_boots":1,"minecraft:crafting_table":2,"minecraft:birch_boat":1,"minecraft:bowl":4,"minecraft:mushroom_stew":2,"minecraft:bone_meal":3,"minecraft:bucket":1,"minecraft:birch_planks":240,"minecraft:cooked_mutton":1,"minecraft:bread":4,"minecraft:air":0,"minecraft:iron_hoe":1,"minecraft:stick":4,"minecraft:iron_ingot":10,"minecraft:leather_chestplate":1,"minecraft:stone_pickaxe":1,"minecraft:wooden_axe":2,"minecraft:stone_sword":1,"minecraft:iron_shovel":1,"minecraft:white_bed":1,"minecraft:birch_door":3,"minecraft:torch":4}},"DataVersion":3953}