{"stats":{"minecraft:used":{"minecraft:stone_sword":122,"minecraft:iron_shovel":251,"minecraft:flint_and_steel":26,"minecraft:stone_shovel":131,"minecraft:ladder":7,"minecraft:chest":1,"minecraft:rotten_flesh":38,"minecraft:torch":54,"minecraft:dirt":435,"minecraft:mutton":4,"minecraft:carrot":120,"minecraft:golden_shovel":32,"minecraft:obsidian":9,"minecraft:birch_door":9,"minecraft:iron_hoe":247,"minecraft:wooden_axe":81,"minecraft:lava_bucket":2,"minecraft:crimson_roots":1,"minecraft:beef":22,"minecraft:furnace":1,"minecraft:egg":1,"minecraft:potato":11,"minecraft:pumpkin":14,"minecraft:wheat_seeds":128,"minecraft:cooked_mutton":7,"minecraft:mossy_stone_bricks":1,"minecraft:water_bucket":6,"minecraft:birch_planks":134,"minecraft:stone_pickaxe":104,"minecraft:birch_boat":10,"minecraft:wooden_pickaxe":9,"minecraft:cauldron":1,"minecraft:cracked_stone_bricks":1,"minecraft:crafting_table":7,"minecraft:white_bed":1,"minecraft:apple":1,"minecraft:diamond_shovel":474,"minecraft:birch_slab":77,"minecraft:bread":2,"minecraft:gravel":6,"minecraft:stone_axe":89,"minecraft:fishing_rod":10,"minecraft:wooden_sword":26,"minecraft:cooked_porkchop":3,"minecraft:porkchop":5,"minecraft:bucket":8,"minecraft:bone_meal":3},"minecraft:picked_up":{"minecraft:seagrass":1,"minecraft:crafting_table":2,"minecraft:birch_door":6,"minecraft:wheat":39,"minecraft:ladder":1,"minecraft:lead":4,"minecraft:brown_mushroom":4,"minecraft:wooden_pickaxe":1,"minecraft:wooden_sword":2,"minecraft:pufferfish":1,"minecraft:blue_orchid":1,"minecraft:cracked_stone_bricks":2,"minecraft:beef":22,"minecraft:rose_bush":2,"minecraft:sugar_cane":94,"minecraft:birch_sapling":27,"minecraft:egg":1,"minecraft:stick":14,"minecraft:raw_iron":10,"minecraft:bowl":1,"minecraft:torch":6,"minecraft:porkchop":5,"minecraft:diorite":7,"minecraft:carrot":124,"minecraft:cauldron":1,"minecraft:rotten_flesh":5,"minecraft:mutton":8,"minecraft:cod":2,"minecraft:white_wool":8,"minecraft:cobblestone":54,"minecraft:birch_log":71,"minecraft:lilac":1,"minecraft:cooked_beef":6,"minecraft:salmon":4,"minecraft:birch_slab":8,"minecraft:andesite":5,"minecraft:leather":15,"minecraft:red_mushroom":2,"minecraft:potato":6,"minecraft:birch_planks":67,"minecraft:flint":4,"minecraft:oak_log":6,"minecraft:lily_pad":62,"minecraft:dirt":537,"minecraft:cooked_mutton":14,"minecraft:apple":1,"minecraft:stone_bricks":1,"minecraft:kelp":14,"minecraft:bow":1,"minecraft:wheat_seeds":124,"minecraft:mossy_stone_bricks":2,"minecraft:cooked_porkchop":11,"minecraft:birch_boat":9,"minecraft:pumpkin":32,"minecraft:gravel":19,"minecraft:sand":336,"minecraft:oak_sapling":4,"minecraft:coal":9,"minecraft:crimson_roots":1},"minecraft:mined":{"minecraft:ladder":1,"minecraft:grass_block":386,"minecraft:crimson_roots":1,"minecraft:birch_slab":3,"minecraft:red_mushroom":2,"minecraft:kelp":11,"minecraft:carrots":31,"minecraft:iron_ore":10,"minecraft:fire":13,"minecraft:andesite":7,"minecraft:pumpkin":32,"minecraft:potatoes":3,"minecraft:vine":10,"minecraft:blue_orchid":1,"minecraft:stone":60,"minecraft:brown_mushroom":4,"minecraft:kelp_plant":4,"minecraft:crafting_table":2,"minecraft:torch":3,"minecraft:short_grass":183,"minecraft:rose_bush":5,"minecraft:lily_pad":27,"minecraft:sugar_cane":64,"minecraft:diorite":12,"minecraft:wall_torch":4,"minecraft:cauldron":1,"minecraft:birch_sapling":3,"minecraft:seagrass":6,"minecraft:birch_planks":24,"minecraft:birch_log":72,"minecraft:wheat":39,"minecraft:lilac":1,"minecraft:spruce_log":1,"minecraft:birch_leaves":28,"minecraft:birch_door":6,"minecraft:oak_log":6,"minecraft:coal_ore":9,"minecraft:gravel":24,"minecraft:sand":354,"minecraft:dirt":171,"minecraft:cracked_stone_bricks":2,"minecraft:stone_bricks":1,"minecraft:mossy_stone_bricks":2,"minecraft:oak_leaves":10},"minecraft:broken":{"minecraft:iron_shovel":1,"minecraft:golden_shovel":1,"minecraft:wooden_axe":1,"minecraft:stone_shovel":1},"minecraft:dropped":{"minecraft:bread":2,"minecraft:brown_mushroom":2,"minecraft:birch_planks":70,"minecraft:cooked_beef":7,"minecraft:leather":2,"minecraft:coal":5,"minecraft:birch_slab":7,"minecraft:mushroom_stew":2,"minecraft:torch":2,"minecraft:mutton":2,"minecraft:rose_bush":1,"minecraft:seagrass":1,"minecraft:wooden_sword":3,"minecraft:sand":13,"minecraft:lily_pad":33,"minecraft:white_wool":3,"minecraft:gravel":1,"minecraft:stone_axe":1,"minecraft:kelp":12,"minecraft:iron_nugget":6,"minecraft:bowl":2,"minecraft:birch_sapling":8,"minecraft:rotten_flesh":12,"minecraft:cooked_mutton":5,"minecraft:carrot":8,"minecraft:suspicious_stew":1,"minecraft:filled_map":2,"minecraft:birch_door":3,"minecraft:wooden_pickaxe":1},"minecraft:custom":{"minecraft:mob_kills":44,"minecraft:animals_bred":17,"minecraft:interact_with_crafting_table":31,"minecraft:fill_cauldron":1,"minecraft:time_since_death":153131,"minecraft:climb_one_cm":8559,"minecraft:sprint_one_cm":313929,"minecraft:walk_one_cm":653734,"minecraft:drop":42,"minecraft:talked_to_villager":1,"minecraft:play_time":153131,"minecraft:sneak_time":5141,"minecraft:walk_under_water_one_cm":42366,"minecraft:boat_one_cm":990442,"minecraft:jump":1800,"minecraft:walk_on_water_one_cm":28164,"minecraft:total_world_time":153131,"minecraft:interact_with_furnace":13,"minecraft:sleep_in_bed":1,"minecraft:time_since_rest":118408,"minecraft:damage_taken":1646,"minecraft:damage_dealt":5284,"minecraft:swim_one_cm":26419,"minecraft:fly_one_cm":276853,"minecraft:player_kills":2,"minecraft:open_chest":43,"minecraft:crouch_one_cm":16959,"minecraft:fish_caught":7,"minecraft:fall_one_cm":26237},"minecraft:killed":{"minecraft:spider":1,"minecraft:turtle":1,"minecraft:pig":6,"minecraft:zombie_villager":1,"minecraft:wandering_trader":1,"minecraft:frog":1,"minecraft:sheep":14,"minecraft:trader_llama":2,"minecraft:zombie":3,"minecraft:cow":12},"minecraft:crafted":{"minecraft:wooden_sword":1,"minecraft:stone_shovel":1,"minecraft:leather_boots":3,"minecraft:birch_boat":2,"minecraft:birch_slab":76,"minecraft:furnace":1,"minecraft:mushroom_stew":2,"minecraft:bone_meal":3,"minecraft:diamond_shovel":1,"minecraft:cooked_mutton":1,"minecraft:flint_and_steel":1,"minecraft:ladder":6,"minecraft:iron_hoe":1,"minecraft:stone_pickaxe":1,"minecraft:chest":1,"minecraft:birch_door":6,"minecraft:magenta_dye":2,"minecraft:cooked_beef":1,"minecraft:red_dye":2,"minecraft:crafting_table":5,"minecraft:bowl":4,"minecraft:bucket":1,"minecraft:birch_planks":240,"minecraft:bread":4,"minecraft:air":0,"minecraft:stick":32,"minecraft:light_blue_dye":1,"minecraft:leather_chestplate":4,"minecraft:iron_ingot":10,"minecraft:wooden_axe":2,"minecraft:stone_sword":1,"minecraft:iron_shovel":1,"minecraft:white_bed":1,"minecraft:torch":52}},"DataVersion":3953}