{"stats":{"minecraft:used":{"minecraft:stone_sword":50,"minecraft:birch_planks":115,"minecraft:stone_pickaxe":3,"minecraft:wooden_pickaxe":9,"minecraft:birch_boat":2,"minecraft:mutton":2,"minecraft:crafting_table":3,"minecraft:birch_door":1,"minecraft:wooden_axe":81,"minecraft:stone_axe":1,"minecraft:wooden_sword":26,"minecraft:beef":22,"minecraft:porkchop":5},"minecraft:picked_up":{"minecraft:birch_log":60,"minecraft:birch_door":1,"minecraft:crafting_table":1,"minecraft:leather":12,"minecraft:brown_mushroom":3,"minecraft:wooden_pickaxe":1,"minecraft:red_mushroom":2,"minecraft:birch_planks":47,"minecraft:lily_pad":19,"minecraft:dirt":17,"minecraft:wooden_sword":2,"minecraft:stone_bricks":1,"minecraft:cracked_stone_bricks":1,"minecraft:wheat_seeds":4,"minecraft:beef":22,"minecraft:mossy_stone_bricks":1,"minecraft:sugar_cane":8,"minecraft:birch_sapling":19,"minecraft:stick":12,"minecraft:birch_boat":2,"minecraft:pumpkin":14,"minecraft:porkchop":5,"minecraft:rotten_flesh":3,"minecraft:mutton":8,"minecraft:white_wool":5,"minecraft:cobblestone":6},"minecraft:broken":{"minecraft:wooden_axe":1},"minecraft:mined":{"minecraft:brown_mushroom":3,"minecraft:crafting_table":1,"minecraft:short_grass":52,"minecraft:grass_block":7,"minecraft:sugar_cane":4,"minecraft:red_mushroom":2,"minecraft:seagrass":1,"minecraft:birch_planks":3,"minecraft:birch_log":61,"minecraft:birch_leaves":28,"minecraft:birch_door":1,"minecraft:pumpkin":14,"minecraft:dirt":10,"minecraft:cracked_stone_bricks":1,"minecraft:stone":6,"minecraft:stone_bricks":1,"minecraft:mossy_stone_bricks":1},"minecraft:dropped":{"minecraft:birch_planks":70,"minecraft:mushroom_stew":2,"minecraft:mutton":2,"minecraft:wooden_sword":2,"minecraft:wooden_pickaxe":1},"minecraft:custom":{"minecraft:interact_with_furnace":2,"minecraft:mob_kills":23,"minecraft:interact_with_crafting_table":12,"minecraft:time_since_death":27131,"minecraft:climb_one_cm":801,"minecraft:time_since_rest":27131,"minecraft:sprint_one_cm":59729,"minecraft:damage_taken":675,"minecraft:walk_one_cm":128523,"minecraft:drop":8,"minecraft:damage_dealt":3022,"minecraft:swim_one_cm":21337,"minecraft:fly_one_cm":56997,"minecraft:player_kills":1,"minecraft:open_chest":7,"minecraft:crouch_one_cm":5099,"minecraft:play_time":27131,"minecraft:sneak_time":1077,"minecraft:walk_under_water_one_cm":11493,"minecraft:boat_one_cm":78451,"minecraft:jump":345,"minecraft:walk_on_water_one_cm":6964,"minecraft:total_world_time":27131,"minecraft:fall_one_cm":6090},"minecraft:killed":{"minecraft:pig":4,"minecraft:spider":1,"minecraft:sheep":5,"minecraft:zombie":2,"minecraft:cow":11},"minecraft:crafted":{"minecraft:wooden_sword":1,"minecraft:leather_boots":1,"minecraft:crafting_table":2,"minecraft:birch_boat":1,"minecraft:bowl":4,"minecraft:mushroom_stew":2,"minecraft:birch_planks":240,"minecraft:stick":4,"minecraft:leather_chestplate":1,"minecraft:stone_pickaxe":1,"minecraft:wooden_axe":2,"minecraft:stone_sword":1,"minecraft:birch_door":3}},"DataVersion":3953}