{"stats":{"minecraft:used":{"minecraft:wooden_axe":20,"minecraft:wooden_sword":13,"minecraft:crafting_table":1,"minecraft:porkchop":2},"minecraft:picked_up":{"minecraft:birch_log":23,"minecraft:porkchop":5,"minecraft:birch_sapling":2},"minecraft:mined":{"minecraft:birch_log":26,"minecraft:birch_leaves":1},"minecraft:custom":{"minecraft:time_since_rest":3131,"minecraft:play_time":3131,"minecraft:sprint_one_cm":1389,"minecraft:damage_taken":180,"minecraft:walk_one_cm":18693,"minecraft:sneak_time":9,"minecraft:mob_kills":4,"minecraft:jump":18,"minecraft:damage_dealt":515,"minecraft:time_since_death":3131,"minecraft:total_world_time":3131,"minecraft:interact_with_crafting_table":1,"minecraft:fly_one_cm":1051},"minecraft:killed":{"minecraft:pig":4},"minecraft:crafted":{"minecraft:wooden_sword":1,"minecraft:birch_planks":24,"minecraft:crafting_table":1,"minecraft:stick":4,"minecraft:wooden_axe":1}},"DataVersion":3953}